tf,target,score,asi,class1_pass,distance_mb,class2_pass,topo_q,topo_excess,class3_pass,passes_all
TF000,TG000,0.7776187878685166,0.0,True,18.688069,True,1.0,9.547918011776346e-15,True,True
TF000,TG002,0.5425127038205574,2.0464461326095992e-16,True,,True,1.0,1.4988010832439613e-14,True,True
TF000,TG003,0.7325016027974297,0.0,True,,True,1.0,-1.532107773982716e-14,False,False
TF000,TG006,0.6815916961879338,0.0,True,,True,1.0,4.9960036108132044e-15,True,True
TF000,TG007,0.946611304538952,0.0,True,,True,1.0,1.0769163338864018e-14,True,True
TF000,TG008,0.774563388229688,1.4333533465384148e-16,True,,True,1.0,-5.662137425588298e-15,False,False
TF000,TG010,0.48388235761628623,0.0,True,,True,1.0,1.1102230246251565e-14,True,True
TF000,TG011,0.5375657188341798,0.0,True,,True,1.0,-1.27675647831893e-14,False,False
TF000,TG013,0.5543115659817338,0.0,True,,True,1.0,1.0325074129013956e-14,True,True
TF000,TG014,0.675701078195965,1.643068304092853e-16,True,,True,1.0,-4.9960036108132044e-15,False,False
TF000,TG018,0.9422587831725932,1.178257018615445e-16,True,,True,1.0,1.1102230246251565e-15,True,True
TF000,TG020,0.8140083617255346,0.0,True,39.417762,True,1.0,-6.217248937900877e-15,False,False
TF000,TG021,0.8482093254576525,0.0,True,,True,1.0,-1.3100631690576847e-14,False,False
TF000,TG022,0.5985017760713267,0.0,True,,True,1.0,8.104628079763643e-15,True,True
TF000,TG023,0.5904688530502349,0.0,True,11.393999,True,1.0,-6.994405055138486e-15,False,False
TF000,TG024,0.6138778713932853,1.808540552382746e-16,True,,True,1.0,1.1102230246251565e-14,True,True
TF000,TG026,0.7656513140482473,0.0,True,,True,1.0,1.2878587085651816e-14,True,True
TF000,TG028,0.6253191972718505,0.0,True,,True,1.0,-1.0547118733938987e-14,False,False
TF000,TG030,0.6037388992576825,1.838912526574341e-16,True,41.029131,True,1.0,3.885780586188048e-15,True,True
TF000,TG031,0.5299190864015291,2.095080273790933e-16,True,,True,1.0,4.884981308350689e-15,True,True
TF000,TG032,0.6440799989970849,0.0,True,,True,1.0,-5.551115123125783e-16,False,False
TF000,TG033,0.6305826836484866,1.7606303715819156e-16,True,,True,1.0,-8.104628079763643e-15,False,False
TF000,TG036,0.6169395722269227,0.0,True,,True,1.0,1.7319479184152442e-14,True,True
TF000,TG039,0.6006311350518406,0.0,True,,True,1.0,1.2878587085651816e-14,True,True
TF000,TG040,0.5545341891571842,0.0,True,,True,1.0,5.995204332975845e-15,True,True
TF000,TG046,0.8642735591085433,0.0,True,,True,1.0,-2.4313884239290928e-14,False,False
TF000,TG048,0.6199041616107547,0.0,True,,True,1.0,6.106226635438361e-15,True,True
TF000,TG049,0.6506783960060444,0.0,True,22.065104,True,1.0,6.217248937900877e-15,True,True
TF000,TG050,0.657659782535095,1.6881418844642688e-16,True,,True,1.0,-1.63202784619898e-14,False,False
TF000,TG051,0.5773140809799426,0.0,True,,True,1.0,8.659739592076221e-15,True,True
TF000,TG056,0.7852815300702749,1.4137898092749012e-16,True,,True,1.0,-3.4416913763379853e-15,False,False
TF000,TG057,0.6761437851879056,0.0,True,19.531888,True,1.0,-2.1094237467877974e-15,False,False
TF000,TG059,0.610221048150217,1.8193784498102972e-16,True,,True,1.0,5.773159728050814e-15,True,True
TF000,TG064,0.6558205405981009,0.0,True,,True,1.0,-2.9976021664879227e-15,False,False
TF000,TG066,0.5124173194223163,2.1666383678771597e-16,True,,True,1.0,6.439293542825908e-15,True,True
TF000,TG067,0.5728764456812625,0.0,True,,True,1.0,6.661338147750939e-16,True,True
TF000,TG068,0.5670574244176635,0.0,True,,True,1.0,9.880984919163893e-15,True,True
TF000,TG069,0.5423948281713217,0.0,True,,True,1.0,1.5987211554602254e-14,True,True
TF000,TG070,0.7445785004999086,0.0,True,,True,1.0,1.199040866595169e-14,True,True
TF000,TG071,0.6144903572498879,0.0,True,,True,1.0,-1.2101430968414206e-14,False,False
TF000,TG072,0.5281368289096915,0.0,True,,True,1.0,7.549516567451064e-15,True,True
TF000,TG073,0.5337064167458637,0.0,True,,True,1.0,-5.995204332975845e-15,False,False
TF000,TG076,0.5712033258269414,0.0,True,,True,1.0,7.438494264988549e-15,True,True
TF000,TG078,0.7700549426365496,1.4417452095352103e-16,True,,True,1.0,1.0547118733938987e-14,True,True
TF000,TG080,0.7939407529228958,1.3983701183468242e-16,True,22.776402,True,1.0,-1.887379141862766e-14,False,False
TF000,TG082,0.5356315582342508,0.0,True,,True,1.0,-6.328271240363392e-15,False,False
TF000,TG087,0.7831542126369145,0.0,True,,True,1.0,1.5210055437364645e-14,True,True
TF000,TG089,0.6587248790911925,1.6854123168338075e-16,True,,True,1.0,-9.103828801926284e-15,False,False
TF000,TG090,0.5544415415557165,0.0,True,,True,1.0,1.8540724511240114e-14,True,True
TF000,TG091,0.8804828349449033,1.2609252339310277e-16,True,,True,1.0,-1.787459069646502e-14,False,False
TF000,TG092,0.722223422492966,0.0,True,,True,1.0,5.773159728050814e-15,True,True
TF000,TG094,0.734858532635711,0.0,True,,True,1.0,-1.3322676295501878e-15,False,False
TF000,TG095,0.8816255481221017,0.0,True,,True,1.0,1.2101430968414206e-14,True,True
TF000,TG096,0.6288282451752653,0.0,True,,True,1.0,-4.551914400963142e-15,False,False
TF000,TG097,0.4561968134585278,0.0,True,,True,1.0,6.661338147750939e-15,True,True
TF000,TG099,0.5237989756427499,0.0,True,,True,1.0,-9.658940314238862e-15,False,False
TF001,TG002,0.5088080963658272,0.0,True,,True,1.0,6.5503158452884236e-15,True,True
TF001,TG003,0.6535929657938444,0.0,True,,True,1.0,1.6431300764452317e-14,True,True
TF001,TG004,0.5182183255648847,2.1423847244594376e-16,True,,True,1.0,6.328271240363392e-15,True,True
TF001,TG006,0.6630907286190477,1.6743154092009493e-16,True,,True,1.0,-4.884981308350689e-15,False,False
TF001,TG007,0.8515303978714966,1.3037972894453252e-16,True,28.391634,True,1.0,1.432187701766452e-14,True,True
TF001,TG010,0.44068884465499353,0.0,True,,True,1.0,6.661338147750939e-15,True,True
TF001,TG012,0.41859765858053605,1.326121876063427e-16,True,,True,1.0,1.1102230246251565e-16,False,False
TF001,TG013,0.5103130538443049,0.0,True,,True,1.0,4.218847493575595e-15,True,True
TF001,TG015,0.5982825262020135,1.8556835207489972e-16,True,,True,1.0,-8.770761894538737e-15,False,False
TF001,TG018,0.9120314017983607,1.2173078936054152e-16,True,,True,1.0,1.0547118733938987e-14,True,True
TF001,TG019,0.6049763758738052,0.0,True,,True,1.0,-1.1213252548714081e-14,False,False
TF001,TG025,0.7975595171149918,0.0,True,,True,1.0,-1.5987211554602254e-14,False,False
TF001,TG026,0.7061646757998776,0.0,True,0.722248,False,1.0,6.661338147750939e-15,True,False
TF001,TG028,0.5566293708711991,0.0,True,,True,1.0,1.0436096431476471e-14,True,True
TF001,TG029,0.5004728415993707,0.0,True,,True,1.0,-3.4416913763379853e-15,False,False
TF001,TG030,0.5677587543248757,0.0,True,,True,1.0,4.218847493575595e-15,True,True
TF001,TG031,0.4957268557661796,1.1197930994773636e-16,True,,True,1.0,3.3306690738754696e-16,False,False
TF001,TG034,0.3416332029123954,0.0,True,,True,1.0,-3.497202527569243e-15,False,False
TF001,TG037,0.47470636449302206,0.0,True,,True,1.0,-8.93729534823251e-15,False,False
TF001,TG038,0.3959533910196481,0.0,True,,True,1.0,-3.3861802251067274e-15,False,False
TF001,TG039,0.5439662350212146,0.0,True,35.417521,True,1.0,-6.772360450213455e-15,False,False
TF001,TG041,0.5650721825228727,0.0,True,,True,1.0,-8.659739592076221e-15,False,False
TF001,TG045,0.6526031523469308,1.7012222828414261e-16,True,14.216861,True,1.0,-1.354472090042691e-14,False,False
TF001,TG046,0.8517197507453895,0.0,True,,True,1.0,9.992007221626409e-16,True,True
TF001,TG048,0.5786892483027503,0.0,True,9.486806,True,1.0,2.886579864025407e-15,True,True
TF001,TG050,0.6289666031377156,0.0,True,,True,1.0,-8.326672684688674e-15,False,False
TF001,TG055,0.6416255882193402,0.0,True,11.620287,True,1.0,1.1435297153639112e-14,True,True
TF001,TG056,0.7304363313721094,1.5199449656886942e-16,True,29.026926,True,1.0,1.6764367671839864e-14,True,True
TF001,TG062,0.73066140848196,1.5194767531677674e-16,True,,True,1.0,-9.547918011776346e-15,False,False
TF001,TG064,0.600920105777088,0.0,True,,True,1.0,-4.9960036108132044e-15,False,False
TF001,TG065,0.7011040456492639,0.0,True,,True,1.0,-5.218048215738236e-15,False,False
TF001,TG069,0.48794755536375745,0.0,True,,True,1.0,1.6653345369377348e-16,False,False
TF001,TG070,0.7059608208562669,0.0,True,12.443037,True,1.0,4.218847493575595e-15,True,True
TF001,TG071,0.557639352607463,0.0,True,,True,1.0,8.326672684688674e-15,True,True
TF001,TG072,0.48217407984597793,0.0,True,,True,1.0,-5.6066262743570405e-15,False,False
TF001,TG075,0.8173077114244032,1.3583904924746895e-16,True,,True,1.0,-1.7763568394002505e-15,False,False
TF001,TG078,0.7120081791541999,0.0,True,,True,1.0,8.43769498715119e-15,True,True
TF001,TG079,0.6861261031981624,1.6181034644363463e-16,True,,True,1.0,1.1213252548714081e-14,True,True
TF001,TG080,0.827337630895499,1.3419225515264743e-16,True,,True,1.0,-1.1102230246251565e-16,False,False
TF001,TG084,0.563867537207761,1.9689429721790972e-16,True,,True,1.0,-9.547918011776346e-15,False,False
TF001,TG085,0.37935900181513366,0.0,True,,True,1.0,-7.882583474838611e-15,False,False
TF001,TG090,0.5122087487390243,0.0,True,,True,1.0,1.3655743202889425e-14,True,True
TF001,TG097,0.38076256567736094,0.0,True,27.698753,True,1.0,2.275957200481571e-15,True,True
TF001,TG098,0.4915227978326225,0.0,True,,True,1.0,8.826273045769994e-15,True,True
TF001,TG099,0.46451985100015974,1.1950221526967367e-16,True,,True,1.0,8.271161533457416e-15,True,True
TF002,TG000,0.5575894295830699,0.0,True,,True,1.0,5.88418203051333e-15,True,True
TF002,TG003,0.510088390864452,2.1765306650944364e-16,True,,True,1.0,9.769962616701378e-15,True,True
TF002,TG006,0.5232683718146391,0.0,True,13.845347,True,1.0,-6.661338147750939e-15,False,False
TF002,TG010,0.30876940808968617,0.0,True,,True,1.0,-1.7208456881689926e-15,False,False
TF002,TG012,0.28690307187236846,0.0,True,,True,1.0,2.3869795029440866e-15,True,True
TF002,TG013,0.3693142111143489,1.503087332159828e-16,True,,True,1.0,-1.1657341758564144e-15,False,False
TF002,TG014,0.45955241592425966,1.2079394930306884e-16,True,82.837251,True,1.0,4.440892098500626e-16,False,False
TF002,TG018,0.7679693828910076,0.0,True,,True,1.0,-2.55351295663786e-15,False,False
TF002,TG019,0.45060700296079975,0.0,True,0.630693,False,1.0,4.551914400963142e-15,True,False
TF002,TG020,0.6245842841575192,0.0,True,,True,1.0,1.0547118733938987e-14,True,True
TF002,TG026,0.5896818509663404,0.0,True,,True,1.0,1.0325074129013956e-14,True,True
TF002,TG028,0.4032632536859868,1.3765487116384593e-16,True,,True,1.0,5.384581669432009e-15,True,True
TF002,TG034,0.2035039946642118,0.0,True,,True,1.0,1.5265566588595902e-15,True,True
TF002,TG035,0.554504144283283,0.0,True,,True,1.0,5.440092820663267e-15,True,True
TF002,TG036,0.41846320467475356,0.0,True,,True,1.0,-7.93809462606987e-15,False,False
TF002,TG037,0.3211881187432164,0.0,True,,True,1.0,-1.1657341758564144e-15,False,False
TF002,TG039,0.37854451473297357,0.0,True,,True,1.0,-5.10702591327572e-15,False,False
TF002,TG040,0.36636500823538476,1.515187039794822e-16,True,,True,1.0,-5.329070518200751e-15,False,False
TF002,TG041,0.4247345594350287,1.3069610183145298e-16,True,,True,1.0,3.885780586188048e-15,True,True
TF002,TG043,0.1513855102731493,0.0,True,,True,1.0,3.3029134982598407e-15,True,True
TF002,TG045,0.5157941251413751,2.1524537998971066e-16,True,,True,1.0,-4.884981308350689e-15,False,False
TF002,TG052,0.37393227968384984,1.4845241838493076e-16,True,,True,1.0,-4.385380947269368e-15,False,False
TF002,TG054,0.33240304235340035,0.0,True,,True,1.0,-3.885780586188048e-15,False,False
TF002,TG058,0.526900837376535,0.0,True,,True,1.0,-7.216449660063518e-15,False,False
TF002,TG059,0.5362719658444225,0.0,True,,True,1.0,-6.661338147750939e-15,False,False
TF002,TG062,0.5775341887200309,0.0,True,,True,1.0,-8.104628079763643e-15,False,False
TF002,TG063,0.5792504624321985,1.9166545331072716e-16,True,,True,1.0,9.658940314238862e-15,True,True
TF002,TG066,0.2807103921381843,0.0,True,1.228383,True,1.0,-3.219646771412954e-15,False,False
TF002,TG067,0.39356975663929933,0.0,True,,True,1.0,3.6637359812630166e-15,True,True
TF002,TG068,0.31828891658683117,0.0,True,,True,1.0,3.3306690738754696e-15,True,True
TF002,TG071,0.393166247755871,0.0,True,,True,1.0,9.936496070395151e-15,True,True
TF002,TG074,0.36270864362787153,0.0,True,,True,1.0,-9.992007221626409e-16,False,False
TF002,TG075,0.6626186810947986,0.0,True,,True,1.0,-2.886579864025407e-15,False,False
TF002,TG077,0.32936180046639757,0.0,True,37.092484,True,1.0,4.107825191113079e-15,True,True
TF002,TG078,0.5401172613435546,0.0,True,,True,1.0,7.549516567451064e-15,True,True
TF002,TG081,0.5309013929104276,0.0,True,,True,1.0,-6.217248937900877e-15,False,False
TF002,TG082,0.3160534225016743,0.0,True,,True,1.0,-3.885780586188048e-15,False,False
TF002,TG084,0.4304368255673366,1.2896468873937875e-16,True,,True,1.0,4.496403249731884e-15,True,True
TF002,TG087,0.6893217845904981,0.0,True,,True,1.0,1.6653345369377348e-15,True,True
TF002,TG088,0.4521901489869955,0.0,True,0.262945,False,1.0,5.9396931817445875e-15,True,False
TF002,TG090,0.36463833488758474,1.5223619109705373e-16,True,56.027974,True,1.0,8.326672684688674e-15,True,True
TF002,TG097,0.2760011561653281,0.0,True,,True,1.0,-1.3322676295501878e-15,False,False
TF003,TG002,0.5740426345918811,1.934042800522083e-16,True,,True,1.0,-1.84297022087776e-14,False,False
TF003,TG003,0.7166440478993839,0.0,True,,True,1.0,-1.2989609388114332e-14,False,False
TF003,TG004,0.5340543220880846,0.0,True,,True,1.0,2.4424906541753444e-15,True,True
TF003,TG007,0.8783425311287878,0.0,True,,True,1.0,1.3100631690576847e-14,True,True
TF003,TG010,0.45542604868018227,0.0,True,,True,1.0,-6.494804694057166e-15,False,False
TF003,TG011,0.5434393633451527,0.0,True,,True,1.0,1.0658141036401503e-14,True,True
TF003,TG014,0.6254477633052254,0.0,True,79.905105,True,1.0,7.216449660063518e-15,True,True
TF003,TG015,0.629257387196242,0.0,True,,True,1.0,-5.551115123125783e-16,False,False
TF003,TG018,0.9469925270092796,0.0,True,,True,1.0,1.7208456881689926e-14,True,True
TF003,TG019,0.6196111881865705,1.7918059676657395e-16,True,2.301453,True,1.0,-8.43769498715119e-15,False,False
TF003,TG020,0.7659407990552322,0.0,True,,True,1.0,8.43769498715119e-15,True,True
TF003,TG021,0.8057678996742962,0.0,True,3.167297,True,1.0,-4.218847493575595e-15,False,False
TF003,TG024,0.5874137560749679,1.8900187698080836e-16,True,,True,1.0,1.7763568394002505e-15,True,True
TF003,TG027,0.47007408149185403,0.0,True,12.402111,True,1.0,-6.661338147750939e-15,False,False
TF003,TG028,0.5993635843131463,1.8523364676842032e-16,True,,True,1.0,6.5503158452884236e-15,True,True
TF003,TG031,0.5241414272428242,0.0,True,91.766558,True,1.0,7.216449660063518e-15,True,True
TF003,TG034,0.37962145355521376,0.0,True,,True,1.0,-2.6645352591003757e-15,False,False
TF003,TG036,0.6116277916009164,0.0,True,,True,1.0,5.662137425588298e-15,True,True
TF003,TG041,0.5979398601449115,0.0,True,,True,1.0,7.549516567451064e-15,True,True
TF003,TG042,0.9223257613874014,0.0,True,,True,1.0,1.1435297153639112e-14,True,True
TF003,TG044,0.60154856969153,0.0,True,,True,1.0,-9.992007221626409e-16,False,False
TF003,TG045,0.6883791527903586,0.0,True,,True,1.0,3.1086244689504383e-15,True,True
TF003,TG046,0.8693751356654168,0.0,True,,True,1.0,-8.215650382226158e-15,False,False
TF003,TG047,0.6756441620190399,0.0,True,33.02434,True,1.0,1.609823385706477e-14,True,True
TF003,TG048,0.6054776942497131,0.0,True,,True,1.0,1.0769163338864018e-14,True,True
TF003,TG054,0.5241398367970235,0.0,True,,True,1.0,-1.2212453270876722e-15,False,False
TF003,TG056,0.7537085449792117,0.0,True,,True,1.0,1.4432899320127035e-14,True,True
TF003,TG058,0.7090332467456356,0.0,True,,True,1.0,-1.454392162258955e-14,False,False
TF003,TG060,0.7329716285169185,1.514687583299181e-16,True,59.722234,True,1.0,8.326672684688674e-15,True,True
TF003,TG064,0.6720821616745281,0.0,True,,True,1.0,-1.099120794378905e-14,False,False
TF003,TG065,0.7548054613653284,0.0,True,,True,1.0,5.551115123125783e-15,True,True
TF003,TG066,0.4811964160715405,1.1536069134605704e-16,True,4.160529,True,1.0,-9.381384558082573e-15,False,False
TF003,TG067,0.5534141729934172,0.0,True,,True,1.0,-2.220446049250313e-16,False,False
TF003,TG068,0.5198408584555806,0.0,True,,True,1.0,1.176836406102666e-14,True,True
TF003,TG069,0.5546855756119289,2.001535777093823e-16,True,,True,1.0,-1.3766765505351941e-14,False,False
TF003,TG070,0.7190429183569959,1.5440288698788696e-16,True,,True,1.0,4.884981308350689e-15,True,True
TF003,TG071,0.5827023567637617,0.0,True,,True,1.0,-1.1213252548714081e-14,False,False
TF003,TG073,0.5540678210549703,0.0,True,,True,1.0,7.216449660063518e-15,True,True
TF003,TG076,0.5606004821782663,1.980417534268397e-16,True,,True,1.0,1.5543122344752192e-15,True,True
TF003,TG078,0.7585468246833073,1.4636183139896129e-16,True,,True,1.0,-5.551115123125783e-15,False,False
TF003,TG079,0.738600759132578,0.0,True,,True,1.0,-9.547918011776346e-15,False,False
TF003,TG080,0.7964422499295909,0.0,True,,True,1.0,1.3100631690576847e-14,True,True
TF003,TG082,0.5229782544972036,0.0,True,,True,1.0,7.66053886991358e-15,True,True
TF003,TG084,0.6116504556209891,0.0,True,,True,1.0,5.218048215738236e-15,True,True
TF003,TG085,0.3888593042518578,0.0,True,,True,1.0,-5.2735593669694936e-15,False,False
TF003,TG089,0.6345471146142867,0.0,True,36.799977,True,1.0,-5.218048215738236e-15,False,False
TF003,TG091,0.88300123901261,0.0,True,64.820302,True,1.0,-1.1657341758564144e-14,False,False
TF003,TG092,0.695972949318976,1.5952100231934774e-16,True,,True,1.0,3.885780586188048e-15,True,True
TF004,TG000,0.8623187071495486,0.0,True,,True,1.0,-1.3766765505351941e-14,False,False
TF004,TG002,0.6390345903518169,1.7373441772751763e-16,True,,True,1.0,1.2212453270876722e-14,True,True
TF004,TG005,0.852417010947882,0.0,True,,True,1.0,4.9960036108132044e-15,True,True
TF004,TG012,0.576677542838137,0.0,True,48.585783,True,1.0,7.216449660063518e-15,True,True
TF004,TG016,0.5679568690060122,0.0,True,,True,1.0,-8.992806499463768e-15,False,False
TF004,TG017,0.8643647337154411,1.2844381327925103e-16,True,,True,1.0,5.440092820663267e-15,True,True
TF004,TG019,0.7237670875838882,1.5339506916946898e-16,True,,True,1.0,7.771561172376096e-15,True,True
TF004,TG021,0.9299068621267667,0.0,True,,True,1.0,-4.218847493575595e-15,False,False
TF004,TG024,0.7063377614264382,0.0,True,,True,1.0,1.0658141036401503e-14,True,True
TF004,TG026,0.8812042992908545,0.0,True,,True,1.0,-2.55351295663786e-15,False,False
TF004,TG030,0.7038226302423966,0.0,True,,True,1.0,1.3100631690576847e-14,True,True
TF004,TG031,0.5797068681035916,0.0,True,,True,1.0,5.551115123125783e-15,True,True
TF004,TG032,0.7470837706146917,1.4860756829340278e-16,True,53.051375,True,1.0,1.2212453270876722e-15,True,True
TF004,TG033,0.7556558459934811,1.4692178066398948e-16,True,,True,1.0,-5.773159728050814e-15,False,False
TF004,TG034,0.5063690281767121,0.0,True,,True,1.0,-4.884981308350689e-15,False,False
TF004,TG040,0.640139543847341,0.0,True,49.955186,True,1.0,7.771561172376096e-16,True,True
TF004,TG044,0.6942457988310108,0.0,True,,True,1.0,6.439293542825908e-15,True,True
TF004,TG045,0.84425790766079,0.0,True,,True,1.0,0.0,False,False
TF004,TG046,0.9568314252364116,0.0,True,3.243933,True,1.0,1.199040866595169e-14,True,True
TF004,TG049,0.7486467019402472,0.0,True,,True,1.0,-1.5432100042289676e-14,False,False
TF004,TG050,0.7256022568745256,1.530071074209932e-16,True,,True,1.0,7.327471962526033e-15,True,True
TF004,TG051,0.6577095969276032,0.0,True,37.396324,True,1.0,5.10702591327572e-15,True,True
TF004,TG052,0.6730715156321965,0.0,True,,True,1.0,-5.218048215738236e-15,False,False
TF004,TG053,0.6330399057999854,0.0,True,,True,1.0,-3.6637359812630166e-15,False,False
TF004,TG057,0.7503470495793518,1.4796127008796167e-16,True,,True,1.0,-6.8833827526759706e-15,False,False
TF004,TG058,0.8314120475489023,0.0,True,,True,1.0,-8.215650382226158e-15,False,False
TF004,TG063,0.9073908039810262,0.0,True,,True,1.0,1.5765166949677223e-14,True,True
TF004,TG065,0.8556636976022471,0.0,True,,True,1.0,-1.1657341758564144e-14,False,False
TF004,TG069,0.6799502663864991,0.0,True,,True,1.0,-1.887379141862766e-14,False,False
TF004,TG070,0.8568187857361345,0.0,True,,True,1.0,1.63202784619898e-14,True,True
TF004,TG071,0.6873911932040435,0.0,True,,True,1.0,1.0658141036401503e-14,True,True
TF004,TG072,0.6323804031583364,0.0,True,25.002745,True,1.0,1.0103029524088925e-14,True,True
TF004,TG075,0.9716715404422609,0.0,True,,True,1.0,-1.176836406102666e-14,False,False
TF004,TG078,0.8756881901260681,0.0,True,,True,1.0,-1.1102230246251565e-14,False,False
TF004,TG081,0.8248856670830254,0.0,True,62.715087,True,1.0,1.2878587085651816e-14,True,True
TF004,TG082,0.6129550635846328,1.8112633218697022e-16,True,,True,1.0,-9.769962616701378e-15,False,False
TF004,TG087,0.9766817558781195,0.0,True,,True,1.0,1.2656542480726785e-14,True,True
TF004,TG088,0.7533658202500377,0.0,True,,True,1.0,7.993605777301127e-15,True,True
TF004,TG089,0.7558081363378005,1.4689217689619498e-16,True,,True,1.0,-3.885780586188048e-15,False,False
TF004,TG090,0.6720290025708239,0.0,True,,True,1.0,-1.3655743202889425e-14,False,False
TF004,TG091,1.0000797349031234,0.0,True,,True,1.0,-8.881784197001252e-16,False,False
TF004,TG092,0.7907148508184011,1.4040750891121623e-16,True,,True,1.0,-2.3314683517128287e-15,False,False
TF004,TG093,0.9163534597393368,0.0,True,,True,1.0,9.769962616701378e-15,True,True
TF004,TG097,0.5440528286094047,2.040652977511171e-16,True,,True,1.0,7.105427357601002e-15,True,True
TF004,TG098,0.6763391670160444,0.0,True,5.149233,True,1.0,-1.3100631690576847e-14,False,False
TF005,TG001,0.4860116253354083,1.1421774364542874e-16,True,,True,1.0,-2.886579864025407e-15,False,False
TF005,TG002,0.285694972002771,1.943021637451828e-16,True,,True,1.0,-1.609823385706477e-15,False,False
TF005,TG003,0.49080975375411356,0.0,True,,True,1.0,1.1823875212257917e-14,True,True
TF005,TG004,0.3244260310054768,0.0,True,,True,1.0,-4.496403249731884e-15,False,False
TF005,TG005,0.5146301534070219,0.0,True,,True,1.0,-3.9968028886505635e-15,False,False
TF005,TG006,0.46871373130950145,0.0,True,,True,1.0,4.440892098500626e-15,True,True
TF005,TG007,0.6972732360113286,0.0,True,,True,1.0,-3.552713678800501e-15,False,False
TF005,TG008,0.5229662956741535,0.0,True,43.336123,True,1.0,-7.993605777301127e-15,False,False
TF005,TG009,0.5856406185827163,0.0,True,43.332176,True,1.0,7.771561172376096e-16,True,True
TF005,TG010,0.2296651047602072,0.0,True,,True,1.0,-3.58046925441613e-15,False,False
TF005,TG011,0.28672447779468346,0.0,True,,True,1.0,4.274358644806853e-15,True,True
TF005,TG013,0.29764779929230667,1.864994512415084e-16,True,,True,1.0,-5.773159728050814e-15,False,False
TF005,TG014,0.40629186308032456,0.0,True,,True,1.0,4.9404924595819466e-15,True,True
TF005,TG015,0.4347225251404433,0.0,True,,True,1.0,-4.996003610813204e-16,False,False
TF005,TG016,0.20064079451769132,0.0,True,,True,1.0,1.609823385706477e-15,True,True
TF005,TG017,0.5216149293890707,0.0,True,,True,1.0,9.103828801926284e-15,True,True
TF005,TG027,0.23719940761437636,1.1701368015535753e-16,True,,True,1.0,-1.582067810090848e-15,False,False
TF005,TG032,0.4078357787694828,0.0,True,28.806546,True,1.0,1.3877787807814457e-15,True,True
TF005,TG037,0.2888137440320705,0.0,True,,True,1.0,-4.773959005888173e-15,False,False
TF005,TG038,0.21675044609644478,0.0,True,,True,1.0,-5.828670879282072e-15,False,False
TF005,TG039,0.3580227958117487,1.5504920882313327e-16,True,,True,1.0,9.769962616701378e-15,True,True
TF005,TG042,0.7439964810508868,0.0,True,4.283754,True,1.0,1.2212453270876722e-15,True,True
TF005,TG044,0.42183372585851525,0.0,True,,True,1.0,5.051514762044462e-15,True,True
TF005,TG045,0.5071105716448803,0.0,True,,True,1.0,-5.662137425588298e-15,False,False
TF005,TG047,0.47615930634527204,0.0,True,,True,1.0,4.496403249731884e-15,True,True
TF005,TG050,0.41767162922806983,0.0,True,,True,1.0,-1.0047518372857667e-14,False,False
TF005,TG051,0.35628706528244697,1.5580456502750472e-16,True,13.151495,True,1.0,-6.8833827526759706e-15,False,False
TF005,TG054,0.3007484393950385,0.0,True,,True,1.0,0.0,False,False
TF005,TG055,0.4507769652558156,1.231454921387904e-16,True,,True,1.0,-5.329070518200751e-15,False,False
TF005,TG056,0.5125733413615827,2.1659788659238444e-16,True,,True,1.0,9.880984919163893e-15,True,True
TF005,TG060,0.5108079796993482,0.0,True,,True,1.0,7.66053886991358e-15,True,True
TF005,TG061,0.2292208859353159,1.2108659078938072e-16,True,,True,1.0,-1.304512053934559e-15,False,False
TF005,TG063,0.54831169427504,2.0248027467170066e-16,True,,True,1.0,7.882583474838611e-15,True,True
TF005,TG064,0.4406004096205012,0.0,True,,True,1.0,-8.992806499463768e-15,False,False
TF005,TG067,0.3355528901478132,0.0,True,,True,1.0,-6.6058269965196814e-15,False,False
TF005,TG070,0.5232035300187258,0.0,True,,True,1.0,3.3306690738754696e-15,True,True
TF005,TG071,0.38066922508732765,0.0,True,,True,1.0,-3.2751579226442118e-15,False,False
TF005,TG073,0.33519733738314517,1.6560737523939865e-16,True,4.018958,True,1.0,5.2735593669694936e-15,True,True
TF005,TG078,0.5154613469305502,2.153843408892385e-16,True,,True,1.0,-1.84297022087776e-14,False,False
TF005,TG079,0.4922474902360626,1.1277081616939652e-16,True,,True,1.0,-8.715250743307479e-15,False,False
TF005,TG081,0.4957646762507719,1.1197076736297908e-16,True,38.470258,True,1.0,7.605027718682322e-15,True,True
TF005,TG082,0.24947909651081507,1.1125411308528485e-16,True,,True,1.0,3.1086244689504383e-15,True,True
TF005,TG085,0.19294083907729045,0.0,True,30.788068,True,1.0,-2.7478019859472624e-15,False,False
TF005,TG086,0.4928836524089884,0.0,True,,True,1.0,6.106226635438361e-15,True,True
TF005,TG088,0.40562486892850513,0.0,True,,True,1.0,5.440092820663267e-15,True,True
TF005,TG089,0.4191796427034052,0.0,True,,True,1.0,3.83026943495679e-15,True,True
TF005,TG091,0.6426592100032967,1.727545497433175e-16,True,,True,1.0,-3.3306690738754696e-16,False,False
TF005,TG092,0.4094737506560073,0.0,True,,True,1.0,-5.10702591327572e-15,False,False
TF005,TG095,0.6402748650282561,0.0,True,,True,1.0,1.354472090042691e-14,True,True
TF005,TG096,0.406234384044776,2.732961729066207e-16,True,,True,1.0,-5.551115123125783e-17,False,False
TF006,TG001,0.46633416744665035,0.0,True,,True,1.0,-2.7755575615628914e-15,False,False
TF006,TG002,0.2770675636545424,0.0,True,,True,1.0,-7.66053886991358e-15,False,False
TF006,TG003,0.44403186241280207,1.2501614395331592e-16,True,,True,1.0,-1.099120794378905e-14,False,False
TF006,TG005,0.48630618877927473,0.0,True,,True,1.0,-4.6629367034256575e-15,False,False
TF006,TG008,0.5060244776999089,0.0,True,64.385016,True,1.0,6.328271240363392e-15,True,True
TF006,TG010,0.233308937267206,0.0,True,,True,1.0,3.7192471324942744e-15,True,True
TF006,TG015,0.4093114223147752,0.0,True,,True,1.0,2.609024107869118e-15,True,True
TF006,TG019,0.37913043033738947,0.0,True,,True,1.0,-3.3861802251067274e-15,False,False
TF006,TG020,0.5552814974882185,1.9993877513426642e-16,True,,True,1.0,-3.885780586188048e-15,False,False
TF006,TG023,0.3565779659524396,1.556774577559341e-16,True,,True,1.0,-4.052314039881821e-15,False,False
TF006,TG024,0.3242401670276272,0.0,True,,True,1.0,-6.827871601444713e-15,False,False
TF006,TG025,0.5918114453850268,0.0,True,6.294698,True,1.0,3.885780586188048e-15,True,True
TF006,TG026,0.5254773169181771,0.0,True,,True,1.0,5.662137425588298e-15,True,True
TF006,TG027,0.2047519234787788,0.0,True,,True,1.0,7.494005416219807e-16,True,True
TF006,TG028,0.3727307987270794,0.0,True,24.25605,True,1.0,-4.163336342344337e-15,False,False
TF006,TG034,0.13740893012495517,0.0,True,,True,1.0,3.1363800445660672e-15,True,True
TF006,TG035,0.47629724190982436,0.0,True,33.329957,True,1.0,-2.0539125955565396e-15,False,False
TF006,TG036,0.38156706736951984,0.0,True,,True,1.0,-6.8833827526759706e-15,False,False
TF006,TG038,0.17182297387472975,0.0,True,,True,1.0,2.8033131371785203e-15,True,True
TF006,TG041,0.3506585888505585,1.5830540872596515e-16,True,,True,1.0,-3.6637359812630166e-15,False,False
TF006,TG042,0.7367337148076955,0.0,True,16.765139,True,1.0,-5.88418203051333e-15,False,False
TF006,TG043,0.06013275569954244,0.0,True,,True,1.0,6.800116025829084e-16,True,True
TF006,TG047,0.4125629633295167,0.0,True,,True,1.0,-1.27675647831893e-15,False,False
TF006,TG049,0.3831498175040845,0.0,True,,True,1.0,-5.10702591327572e-15,False,False
TF006,TG054,0.29693381521047363,0.0,True,,True,1.0,-4.385380947269368e-15,False,False
TF006,TG067,0.3096376325633099,3.5855558493787263e-16,True,,True,1.0,-4.6074255521944e-15,False,False
TF006,TG068,0.281448999366708,0.0,True,57.932579,True,1.0,-3.0531133177191805e-15,False,False
TF006,TG070,0.5013550836070144,0.0,True,,True,1.0,8.43769498715119e-15,True,True
TF006,TG071,0.3150435958637147,1.76201490714547e-16,True,,True,1.0,7.771561172376096e-16,True,True
TF006,TG074,0.3273147533062154,0.0,True,,True,1.0,1.3322676295501878e-15,True,True
TF006,TG076,0.2932755546822443,0.0,True,,True,1.0,-3.4416913763379853e-15,False,False
TF006,TG078,0.516774202453636,2.1483716086326185e-16,True,,True,1.0,-7.882583474838611e-15,False,False
TF006,TG080,0.5482490485274744,0.0,True,,True,1.0,1.887379141862766e-15,True,True
TF006,TG082,0.26396035869846934,0.0,True,,True,1.0,-4.440892098500626e-15,False,False
TF006,TG084,0.36113602870334094,0.0,True,,True,1.0,3.3861802251067274e-15,True,True
TF006,TG088,0.36954526748876687,0.0,True,,True,1.0,-2.9976021664879227e-15,False,False
TF006,TG093,0.5648494752196175,0.0,True,,True,1.0,2.1094237467877974e-15,True,True
TF006,TG096,0.38665918277973704,0.0,True,,True,1.0,-7.771561172376096e-16,False,False
TF006,TG098,0.3109927074512136,1.7849663320470636e-16,True,1.953297,True,1.0,-1.7208456881689926e-15,False,False
TF007,TG002,0.44062128215958785,0.0,True,,True,1.0,-2.609024107869118e-15,False,False
TF007,TG004,0.43652240223451966,0.0,True,,True,1.0,2.4424906541753444e-15,True,True
TF007,TG005,0.6259169478184882,0.0,True,,True,1.0,-4.3298697960381105e-15,False,False
TF007,TG011,0.42462606210982246,0.0,True,,True,1.0,-3.885780586188048e-15,False,False
TF007,TG012,0.3490328748139526,0.0,True,,True,1.0,-1.3322676295501878e-15,False,False
TF007,TG017,0.6309945252936986,0.0,True,,True,1.0,-2.9976021664879227e-15,False,False
TF007,TG018,0.8305985820268318,0.0,True,,True,1.0,6.8833827526759706e-15,True,True
TF007,TG019,0.5161532513879603,0.0,True,17.069649,True,1.0,8.548717289613705e-15,True,True
TF007,TG020,0.6967427995861076,0.0,True,,True,1.0,2.886579864025407e-15,True,True
TF007,TG022,0.46575453075795453,0.0,True,,True,1.0,-3.9968028886505635e-15,False,False
TF007,TG024,0.49777370798507303,0.0,True,,True,1.0,8.715250743307479e-15,True,True
TF007,TG025,0.7143516326732582,0.0,True,,True,1.0,5.88418203051333e-15,True,True
TF007,TG027,0.33992808966760274,0.0,True,2.366085,True,1.0,-2.7755575615628914e-16,False,False
TF007,TG028,0.49296044694782054,0.0,True,,True,1.0,-1.2378986724570495e-14,False,False
TF007,TG031,0.4008089955765628,1.3849776787420942e-16,True,76.998362,True,1.0,6.661338147750939e-15,True,True
TF007,TG036,0.5031390216181395,0.0,True,,True,1.0,-1.0769163338864018e-14,False,False
TF007,TG037,0.3895761516764096,0.0,True,,True,1.0,1.2212453270876722e-15,True,True
TF007,TG038,0.31667412727601674,1.7529424240861232e-16,True,57.14627,True,1.0,-9.71445146547012e-15,False,False
TF007,TG040,0.45314205547655806,0.0,True,,True,1.0,-1.4988010832439613e-15,False,False
TF007,TG041,0.5065380389125456,2.1917860838420428e-16,True,,True,1.0,3.9968028886505635e-15,True,True
TF007,TG044,0.46321510952425204,0.0,True,,True,1.0,4.385380947269368e-15,True,True
TF007,TG049,0.526676350748836,0.0,True,,True,1.0,-1.0880185641326534e-14,False,False
TF007,TG051,0.42751233829960517,0.0,True,,True,1.0,-1.6653345369377348e-15,False,False
TF007,TG054,0.39603789256460326,0.0,True,,True,1.0,-2.6645352591003757e-15,False,False
TF007,TG057,0.5637202020973571,0.0,True,,True,1.0,9.103828801926284e-15,True,True
TF007,TG063,0.6603257197729886,0.0,True,,True,1.0,3.1086244689504383e-15,True,True
TF007,TG064,0.5445709199880384,0.0,True,,True,1.0,2.7755575615628914e-15,True,True
TF007,TG066,0.3925019746663468,0.0,True,18.928725,True,1.0,1.4432899320127035e-15,True,True
TF007,TG067,0.4118191745978778,0.0,True,,True,1.0,-3.0531133177191805e-15,False,False
TF007,TG068,0.42152763464253973,0.0,True,,True,1.0,6.217248937900877e-15,True,True
TF007,TG070,0.6262539829602197,1.772799941929757e-16,True,,True,1.0,9.103828801926284e-15,True,True
TF007,TG071,0.4832426723450357,0.0,True,,True,1.0,-9.43689570931383e-16,False,False
TF007,TG072,0.38045506711463123,0.0,True,,True,1.0,-1.7763568394002505e-15,False,False
TF007,TG075,0.7589306200059766,0.0,True,,True,1.0,5.773159728050814e-15,True,True
TF007,TG078,0.664687019187477,0.0,True,,True,1.0,1.4432899320127035e-14,True,True
TF007,TG079,0.6385634303421396,0.0,True,,True,1.0,2.1094237467877974e-15,True,True
TF007,TG080,0.6778050345842446,1.6379680999362164e-16,True,,True,1.0,-6.772360450213455e-15,False,False
TF007,TG083,0.5504701875006301,0.0,True,55.800013,True,1.0,-2.6645352591003757e-15,False,False
TF007,TG090,0.4298336991886417,1.291456471096641e-16,True,38.327632,True,1.0,4.496403249731884e-15,True,True
TF007,TG091,0.7779275039084917,1.4271548686055364e-16,True,50.052106,True,1.0,1.0769163338864018e-14,True,True
TF007,TG093,0.6915039571596135,3.2110388180147286e-16,True,15.372634,True,1.0,-8.881784197001252e-15,False,False
TF007,TG097,0.317661150041389,0.0,True,,True,1.0,-3.497202527569243e-15,False,False
TF007,TG099,0.40382254325153155,0.0,True,38.723769,True,1.0,5.9396931817445875e-15,True,True
TF008,TG002,0.41333563297827014,0.0,True,,True,1.0,7.66053886991358e-15,True,True
TF008,TG008,0.6624074633170238,0.0,True,,True,1.0,-9.769962616701378e-15,False,False
TF008,TG009,0.6156852135974569,0.0,True,,True,1.0,1.0769163338864018e-14,True,True
TF008,TG010,0.3478918998727903,0.0,True,,True,1.0,1.0269562977782698e-14,True,True
TF008,TG011,0.39516130410223643,0.0,True,,True,1.0,-9.603429163007604e-15,False,False
TF008,TG015,0.5526577074152562,0.0,True,,True,1.0,-1.0436096431476471e-14,False,False
TF008,TG016,0.3106177580913167,0.0,True,58.428986,True,1.0,-3.4416913763379853e-15,False,False
TF008,TG017,0.6414355575087296,0.0,True,35.291712,True,1.0,3.9968028886505635e-15,True,True
TF008,TG018,0.8285746351041456,0.0,True,,True,1.0,1.1213252548714081e-14,True,True
TF008,TG021,0.7143252626969051,0.0,True,,True,1.0,6.217248937900877e-15,True,True
TF008,TG022,0.47711648077163443,0.0,True,,True,1.0,-5.162537064506978e-15,False,False
TF008,TG024,0.48380575085652017,1.1473851051373816e-16,True,,True,1.0,7.105427357601002e-15,True,True
TF008,TG026,0.6421387554496162,0.0,True,25.557207,True,1.0,2.55351295663786e-15,True,True
TF008,TG027,0.342777422305658,0.0,True,,True,1.0,6.050715484207103e-15,True,True
TF008,TG029,0.4036994622751538,1.375061312155588e-16,True,,True,1.0,6.217248937900877e-15,True,True
TF008,TG030,0.49405841266609757,0.0,True,,True,1.0,-5.6066262743570405e-15,False,False
TF008,TG036,0.4861425535135048,0.0,True,33.14439,True,1.0,-8.604228440844963e-15,False,False
TF008,TG037,0.4105277221637592,0.0,True,,True,1.0,6.494804694057166e-15,True,True
TF008,TG038,0.3172656874643503,0.0,True,,True,1.0,7.438494264988549e-15,True,True
TF008,TG043,0.19771255014115827,0.0,True,,True,1.0,4.9682480351975755e-15,True,True
TF008,TG045,0.5822679768530956,1.9067217651663203e-16,True,10.618098,True,1.0,4.107825191113079e-15,True,True
TF008,TG047,0.5743445204825811,0.0,True,,True,1.0,1.176836406102666e-14,True,True
TF008,TG048,0.46845170740647973,1.1849919715009236e-16,True,34.321765,True,1.0,5.9396931817445875e-15,True,True
TF008,TG049,0.5648188005363981,0.0,True,,True,1.0,9.43689570931383e-15,True,True
TF008,TG050,0.5450803025930666,0.0,True,,True,1.0,-8.659739592076221e-15,False,False
TF008,TG055,0.5879966327537259,0.0,True,36.455246,True,1.0,-5.10702591327572e-15,False,False
TF008,TG056,0.6310254131598516,0.0,True,53.861885,True,1.0,5.551115123125783e-15,True,True
TF008,TG060,0.6271805607622516,1.7701808603184916e-16,True,,True,1.0,-6.106226635438361e-15,False,False
TF008,TG062,0.6269316040298805,0.0,True,,True,1.0,-8.659739592076221e-15,False,False
TF008,TG066,0.3990117698674942,1.391215884425972e-16,True,,True,1.0,-4.440892098500626e-16,False,False
TF008,TG069,0.4191950132753379,0.0,True,,True,1.0,4.829470157119431e-15,True,True
TF008,TG070,0.6536175092410668,0.0,True,12.391922,True,1.0,8.43769498715119e-15,True,True
TF008,TG071,0.4559256203606882,0.0,True,,True,1.0,-9.880984919163893e-15,False,False
TF008,TG075,0.732639202449642,0.0,True,,True,1.0,-5.10702591327572e-15,False,False
TF008,TG076,0.4380181098034345,0.0,True,,True,1.0,1.1379786002407855e-14,True,True
TF008,TG077,0.36142899866880396,1.535879839075269e-16,True,,True,1.0,1.2212453270876722e-15,True,True
TF008,TG080,0.682115203313987,0.0,True,,True,1.0,1.0880185641326534e-14,True,True
TF008,TG081,0.6254028661209116,1.7752125626020283e-16,True,,True,1.0,3.3306690738754696e-15,True,True
TF008,TG083,0.529284334131849,0.0,True,,True,1.0,1.9984014443252818e-15,True,True
TF008,TG084,0.49353413898671217,1.1247682145196524e-16,True,,True,1.0,-4.496403249731884e-15,False,False
TF008,TG085,0.2980374622397379,0.0,True,,True,1.0,3.3306690738754696e-15,True,True
TF008,TG087,0.7480476104592951,0.0,True,,True,1.0,1.0325074129013956e-14,True,True
TF008,TG088,0.5347119246958555,2.0763012256677317e-16,True,,True,1.0,9.880984919163893e-15,True,True
TF008,TG093,0.678150726162032,1.6371331354438286e-16,True,,True,1.0,7.438494264988549e-15,True,True
TF008,TG096,0.5326689797852708,0.0,True,,True,1.0,-9.103828801926284e-15,False,False
TF008,TG097,0.2998517174183902,1.85128675297203e-16,True,2.863794,True,1.0,-1.3877787807814457e-15,False,False
TF008,TG098,0.4016110844921578,0.0,True,,True,1.0,-2.9976021664879227e-15,False,False
TF008,TG099,0.4016683867609056,0.0,True,,True,1.0,3.552713678800501e-15,True,True
TF009,TG000,0.7154760867305847,0.0,True,,True,1.0,-1.5543122344752192e-15,False,False
TF009,TG001,0.6573005951736077,1.6890643835974648e-16,True,,True,1.0,1.1102230246251565e-15,True,True
TF009,TG006,0.5853003051670385,1.896843406408802e-16,True,37.172979,True,1.0,0.0,False,False
TF009,TG011,0.4939470547214692,0.0,True,,True,1.0,7.771561172376096e-15,True,True
TF009,TG012,0.39370687862495324,1.4099614267633351e-16,True,,True,1.0,4.440892098500626e-16,False,False
TF009,TG020,0.7205257157608322,0.0,True,,True,1.0,-1.0325074129013956e-14,False,False
TF009,TG022,0.532152603615867,0.0,True,,True,1.0,-2.4424906541753444e-15,False,False
TF009,TG025,0.7853015489583958,0.0,True,,True,1.0,6.328271240363392e-15,True,True
TF009,TG029,0.47105198209956345,1.1784506453796169e-16,True,,True,1.0,1.3877787807814457e-15,True,True
TF009,TG030,0.5312662338839903,0.0,True,,True,1.0,5.10702591327572e-15,True,True
TF009,TG032,0.58998654142891,0.0,True,,True,1.0,-2.4424906541753444e-15,False,False
TF009,TG033,0.5580859920472386,0.0,True,,True,1.0,1.0880185641326534e-14,True,True
TF009,TG035,0.6761433949092852,1.6419934484076557e-16,True,,True,1.0,4.6629367034256575e-15,True,True
TF009,TG036,0.5183236953218789,0.0,True,,True,1.0,-7.993605777301127e-15,False,False
TF009,TG038,0.3232361141665512,0.0,True,23.828286,True,1.0,3.0531133177191805e-15,True,True
TF009,TG040,0.4921820757942955,0.0,True,,True,1.0,5.162537064506978e-15,True,True
TF009,TG043,0.2340449982987995,0.0,True,,True,1.0,-2.6645352591003757e-15,False,False
TF009,TG047,0.5919032214442036,0.0,True,15.06184,True,1.0,-7.216449660063518e-15,False,False
TF009,TG049,0.5563122103924216,0.0,True,,True,1.0,-9.658940314238862e-15,False,False
TF009,TG056,0.7129268853233314,0.0,True,,True,1.0,3.774758283725532e-15,True,True
TF009,TG062,0.7109544420453218,0.0,True,,True,1.0,9.992007221626409e-16,True,True
TF009,TG063,0.7028759640974174,0.0,True,,True,1.0,1.4432899320127035e-15,True,True
TF009,TG065,0.6882620794495368,0.0,True,,True,1.0,-5.995204332975845e-15,False,False
TF009,TG068,0.49114306528716645,1.1302440196076272e-16,True,,True,1.0,-8.271161533457416e-15,False,False
TF009,TG070,0.6834273763525043,0.0,True,,True,1.0,1.3211653993039363e-14,True,True
TF009,TG071,0.49887252949134686,1.1127321700366483e-16,True,,True,1.0,7.93809462606987e-15,True,True
TF009,TG072,0.45444757013927733,0.0,True,,True,1.0,-2.1094237467877974e-15,False,False
TF009,TG074,0.5369033052916403,0.0,True,,True,1.0,-3.1086244689504383e-15,False,False
TF009,TG076,0.5015111828175931,0.0,True,,True,1.0,8.770761894538737e-15,True,True
TF009,TG077,0.4241733092162073,0.0,True,13.925842,True,1.0,4.773959005888173e-15,True,True
TF009,TG078,0.6702031061382849,0.0,True,,True,1.0,8.659739592076221e-15,True,True
TF009,TG079,0.6728247787450701,0.0,True,,True,1.0,7.66053886991358e-15,True,True
TF009,TG084,0.5110877502143463,0.0,True,,True,1.0,-7.438494264988549e-15,False,False
TF009,TG087,0.7729807047098256,0.0,True,,True,1.0,-6.994405055138486e-15,False,False
TF009,TG088,0.5351108025767518,0.0,True,51.281271,True,1.0,-1.1102230246251565e-15,False,False
TF009,TG089,0.580365263172649,0.0,True,11.286203,True,1.0,-3.6637359812630166e-15,False,False
TF009,TG090,0.46291243194471965,1.1991717525937367e-16,True,5.009648,True,1.0,-1.0325074129013956e-14,False,False
TF009,TG091,0.8556867963293218,1.2974642467170586e-16,True,16.734122,True,1.0,-7.216449660063518e-15,False,False
TF009,TG093,0.7455397822710049,0.0,True,48.690618,True,1.0,2.6645352591003757e-15,True,True
TF009,TG099,0.46267766921722076,0.0,True,5.405785,True,1.0,5.329070518200751e-15,True,True
TF010,TG000,0.64696571400041,0.0,True,,True,1.0,-1.3100631690576847e-14,False,False
TF010,TG003,0.5780443810239493,0.0,True,,True,1.0,9.880984919163893e-15,True,True
TF010,TG004,0.402211055589195,0.0,True,,True,1.0,2.942091015256665e-15,True,True
TF010,TG005,0.6256495460050392,0.0,True,,True,1.0,-1.2656542480726785e-14,False,False
TF010,TG006,0.5800529924087375,1.9140027534636557e-16,True,35.18813,True,1.0,1.4432899320127035e-15,True,True
TF010,TG007,0.8075671616065526,0.0,True,,True,1.0,-9.103828801926284e-15,False,False
TF010,TG008,0.6523817743853934,1.7017995722996613e-16,True,,True,1.0,3.1086244689504383e-15,True,True
TF010,TG009,0.685884442864957,0.0,True,,True,1.0,1.5432100042289676e-14,True,True
TF010,TG011,0.4191998937641911,0.0,True,,True,1.0,-8.715250743307479e-15,False,False
TF010,TG012,0.3683633338559463,0.0,True,,True,1.0,4.3298697960381105e-15,True,True
TF010,TG015,0.658489913794267,1.6860137131455366e-16,True,,True,1.0,9.43689570931383e-15,True,True
TF010,TG016,0.311965828100323,0.0,True,,True,1.0,6.6058269965196814e-15,True,True
TF010,TG017,0.6387836982169842,0.0,True,,True,1.0,-8.43769498715119e-15,False,False
TF010,TG018,0.8648452850645141,0.0,True,,True,1.0,7.549516567451064e-15,True,True
TF010,TG022,0.47808284564097514,0.0,True,,True,1.0,-6.106226635438361e-15,False,False
TF010,TG023,0.45022665431476716,0.0,True,,True,1.0,7.716050021144838e-15,True,True
TF010,TG024,0.5187245299415288,0.0,True,,True,1.0,-1.3433698597964394e-14,False,False
TF010,TG026,0.6140998514369458,0.0,True,,True,1.0,2.0317081350640365e-14,True,True
TF010,TG027,0.3360034267453856,1.6521007469760924e-16,True,33.69922,True,1.0,4.052314039881821e-15,True,True
TF010,TG030,0.4782783445212511,0.0,True,,True,1.0,-1.9984014443252818e-15,False,False
TF010,TG031,0.43071534825169183,0.0,True,45.665227,True,1.0,-3.6637359812630166e-15,False,False
TF010,TG032,0.5441896884371196,0.0,True,,True,1.0,2.6645352591003757e-15,True,True
TF010,TG034,0.2613783715008599,0.0,True,,True,1.0,-3.885780586188048e-15,False,False
TF010,TG035,0.6273742474919561,1.7696343594967074e-16,True,,True,1.0,-9.992007221626409e-16,False,False
TF010,TG036,0.49733803728203935,1.116165406020967e-16,True,,True,1.0,1.1823875212257917e-14,True,True
TF010,TG037,0.41845570547896066,0.0,True,,True,1.0,2.55351295663786e-15,True,True
TF010,TG038,0.32465525561003983,0.0,True,25.813135,True,1.0,2.220446049250313e-16,False,False
TF010,TG039,0.46635124543575196,0.0,True,,True,1.0,8.215650382226158e-15,True,True
TF010,TG040,0.4233298087805972,0.0,True,,True,1.0,-5.6066262743570405e-15,False,False
TF010,TG042,0.8311660634938198,0.0,True,,True,1.0,7.66053886991358e-15,True,True
TF010,TG043,0.2012147699196521,0.0,True,,True,1.0,-5.412337245047638e-15,False,False
TF010,TG044,0.5017079217270562,0.0,True,,True,1.0,-7.216449660063518e-15,False,False
TF010,TG045,0.5861537724191749,0.0,True,,True,1.0,1.4210854715202004e-14,True,True
TF010,TG046,0.7279524998949102,0.0,True,,True,1.0,2.55351295663786e-14,True,True
TF010,TG048,0.5303773989274132,0.0,True,,True,1.0,1.84297022087776e-14,True,True
TF010,TG049,0.5647116722623589,0.0,True,,True,1.0,1.27675647831893e-14,True,True
TF010,TG050,0.5378755342790396,0.0,True,,True,1.0,9.992007221626409e-16,True,True
TF010,TG051,0.4534291237005822,0.0,True,,True,1.0,-2.1094237467877974e-15,False,False
TF010,TG052,0.46971495827482707,0.0,True,,True,1.0,-5.162537064506978e-15,False,False
TF010,TG053,0.3925643581764914,1.4140649825958167e-16,True,,True,1.0,-7.382983113757291e-15,False,False
TF010,TG054,0.4043991255718282,0.0,True,,True,1.0,-4.440892098500626e-15,False,False
TF010,TG055,0.5535816060333073,0.0,True,,True,1.0,-2.6645352591003757e-15,False,False
TF010,TG056,0.6083715078207549,0.0,True,,True,1.0,1.099120794378905e-14,True,True
TF010,TG059,0.5824984574221822,0.0,True,,True,1.0,1.099120794378905e-14,True,True
TF010,TG060,0.6077634956807153,0.0,True,13.620903,True,1.0,-1.0769163338864018e-14,False,False
TF010,TG061,0.3640049766009618,0.0,True,,True,1.0,2.3869795029440866e-15,True,True
TF010,TG062,0.6254209292895605,0.0,True,,True,1.0,-2.886579864025407e-15,False,False
TF010,TG065,0.6396437707573764,1.7356895750123325e-16,True,,True,1.0,-1.6764367671839864e-14,False,False
TF010,TG066,0.37155319165322326,1.4940297238266575e-16,True,50.26186,True,1.0,2.9976021664879227e-15,True,True
TF010,TG067,0.4406544016010665,1.2597434867225772e-16,True,,True,1.0,-2.220446049250313e-16,False,False
TF010,TG068,0.45622427671182403,1.2167513669230206e-16,True,,True,1.0,-1.5376588891058418e-14,False,False
TF010,TG069,0.4281921791354848,0.0,True,,True,1.0,-2.7755575615628914e-15,False,False
TF010,TG070,0.6025765570405145,0.0,True,,True,1.0,1.432187701766452e-14,True,True
TF010,TG073,0.4929100301442558,0.0,True,,True,1.0,1.426636586643326e-14,True,True
TF010,TG076,0.4199474312350436,0.0,True,,True,1.0,7.271960811294775e-15,True,True
TF010,TG077,0.3787347903236584,1.4656998155310532e-16,True,11.940993,True,1.0,-4.718447854656915e-15,False,False
TF010,TG080,0.6821715913632734,0.0,True,,True,1.0,-4.107825191113079e-15,False,False
TF010,TG081,0.5993454902692067,0.0,True,,True,1.0,-1.454392162258955e-14,False,False
TF010,TG082,0.4245043827447601,0.0,True,,True,1.0,-8.93729534823251e-15,False,False
TF010,TG085,0.3182211369383775,0.0,True,,True,1.0,-1.1435297153639112e-14,False,False
TF010,TG086,0.6151512872105193,1.804796718640714e-16,True,,True,1.0,3.219646771412954e-15,True,True
TF010,TG090,0.42516500661034085,0.0,True,6.994497,True,1.0,1.6264767310758543e-14,True,True
TF010,TG093,0.6796176642583461,0.0,True,46.705769,True,1.0,9.547918011776346e-15,True,True
TF010,TG094,0.6237127495683169,0.0,True,,True,1.0,3.885780586188048e-15,True,True
TF010,TG095,0.7739183921428258,0.0,True,,True,1.0,-5.773159728050814e-15,False,False
TF011,TG002,0.4697930509430153,1.1816086065945488e-16,True,,True,1.0,-5.384581669432009e-15,False,False
TF011,TG003,0.6509941804229425,0.0,True,24.581595,True,1.0,4.551914400963142e-15,True,True
TF011,TG007,0.858209479635349,0.0,True,,True,1.0,1.1102230246251565e-16,False,False
TF011,TG008,0.6722474674059746,1.6515094194541393e-16,True,,True,1.0,7.216449660063518e-15,True,True
TF011,TG009,0.7053799645945703,0.0,True,,True,1.0,-6.661338147750939e-16,False,False
TF011,TG010,0.4316496293826557,0.0,True,59.853328,True,1.0,1.1102230246251565e-16,False,False
TF011,TG011,0.48860687459723884,0.0,True,,True,1.0,-4.163336342344337e-15,False,False
TF011,TG012,0.42477343978145016,1.306841389608042e-16,True,,True,1.0,-6.494804694057166e-15,False,False
TF011,TG013,0.520133342085795,2.1344969352916956e-16,True,42.783262,True,1.0,6.772360450213455e-15,True,True
TF011,TG014,0.6076338415959289,0.0,True,,True,1.0,-8.770761894538737e-15,False,False
TF011,TG015,0.6205723268712173,0.0,True,,True,1.0,1.5543122344752192e-15,True,True
TF011,TG016,0.3929046763795957,1.4128401764713796e-16,True,,True,1.0,-4.163336342344337e-15,False,False
TF011,TG017,0.7236266193696408,1.5342484575709557e-16,True,,True,1.0,-6.661338147750939e-15,False,False
TF011,TG019,0.6089418088310943,1.8232005234725236e-16,True,,True,1.0,-7.882583474838611e-15,False,False
TF011,TG020,0.7630147290010209,1.4550479596622193e-16,True,,True,1.0,-1.2101430968414206e-14,False,False
TF011,TG021,0.7789360795129747,0.0,True,,True,1.0,5.662137425588298e-15,True,True
TF011,TG023,0.5220171013061852,0.0,True,,True,1.0,5.440092820663267e-15,True,True
TF011,TG024,0.5610585533497442,0.0,True,,True,1.0,-1.3211653993039363e-14,False,False
TF011,TG028,0.48318108666232784,0.0,True,,True,1.0,-9.325873406851315e-15,False,False
TF011,TG031,0.46705978817054145,0.0,True,,True,1.0,-7.66053886991358e-15,False,False
TF011,TG033,0.6316556931304625,0.0,True,,True,1.0,-1.0769163338864018e-14,False,False
TF011,TG035,0.6696224736262395,1.657983518105226e-16,True,,True,1.0,-4.884981308350689e-15,False,False
TF011,TG037,0.4430975668465437,1.2527974736201337e-16,True,57.294595,True,1.0,1.0824674490095276e-14,True,True
TF011,TG038,0.38060224469532294,1.4585082459430902e-16,True,,True,1.0,1.4099832412739488e-14,True,True
TF011,TG040,0.4712746423391633,1.1778938700314794e-16,True,,True,1.0,7.382983113757291e-15,True,True
TF011,TG041,0.529254081575235,0.0,True,53.104353,True,1.0,2.9976021664879227e-15,True,True
TF011,TG043,0.2523021777032572,2.2001851801908243e-16,True,74.802995,True,1.0,3.3306690738754696e-16,False,False
TF011,TG045,0.6628410333977564,0.0,True,,True,1.0,7.66053886991358e-15,True,True
TF011,TG046,0.8154998700204283,0.0,True,,True,1.0,1.6542323066914832e-14,True,True
TF011,TG050,0.5999573484623486,0.0,True,,True,1.0,6.661338147750939e-15,True,True
TF011,TG052,0.5517795831782022,0.0,True,23.390983,True,1.0,9.325873406851315e-15,True,True
TF011,TG053,0.5174352481592535,2.1456269718282857e-16,True,,True,1.0,4.884981308350689e-15,True,True
TF011,TG055,0.6400723751317489,1.7345273249710778e-16,True,,True,1.0,-2.3314683517128287e-15,False,False
TF011,TG056,0.717292538612294,0.0,True,,True,1.0,2.1649348980190553e-14,True,True
TF011,TG057,0.6060642897394459,0.0,True,,True,1.0,6.8833827526759706e-15,True,True
TF011,TG060,0.6814038750659499,1.6293171571965353e-16,True,,True,1.0,7.438494264988549e-15,True,True
TF011,TG061,0.464710635668594,1.1945315422228752e-16,True,,True,1.0,5.551115123125783e-15,True,True
TF011,TG064,0.6405529663147244,1.7332259516532597e-16,True,,True,1.0,6.439293542825908e-15,True,True
TF011,TG069,0.5132831243542229,0.0,True,6.61053,True,1.0,8.881784197001252e-16,True,True
TF011,TG076,0.513939395345337,0.0,True,,True,1.0,-6.8833827526759706e-15,False,False
TF011,TG077,0.42765247899140796,0.0,True,,True,1.0,-4.163336342344337e-15,False,False
TF011,TG078,0.7195565790697667,0.0,True,22.082718,True,1.0,2.2093438190040615e-14,True,True
TF011,TG082,0.4899351039531954,1.133030696991268e-16,True,22.860188,True,1.0,7.438494264988549e-15,True,True
TF011,TG085,0.3726387849601372,0.0,True,,True,1.0,-4.551914400963142e-15,False,False
TF011,TG090,0.4818064005519504,0.0,True,,True,1.0,9.547918011776346e-15,True,True
TF011,TG093,0.7815139430032212,1.4206055241430038e-16,True,,True,1.0,-9.658940314238862e-15,False,False
TF011,TG095,0.8419203975634139,0.0,True,,True,1.0,8.104628079763643e-15,True,True
TF011,TG097,0.3636929502941416,1.526319143287282e-16,True,,True,1.0,3.608224830031759e-15,True,True
TF011,TG098,0.5103821432641164,2.1752779545240281e-16,True,,True,1.0,5.662137425588298e-15,True,True
TF012,TG001,0.4446587479353268,1.248398946135917e-16,True,,True,1.0,-2.3869795029440866e-15,False,False
TF012,TG002,0.22637179145488046,0.0,True,14.268407,True,1.0,-1.3877787807814457e-16,False,False
TF012,TG003,0.4135769535803173,0.0,True,,True,1.0,-3.7192471324942744e-15,False,False
TF012,TG004,0.2076659314662439,1.3365493039545865e-16,True,,True,1.0,3.0253577421035516e-15,True,True
TF012,TG005,0.4501895891880456,0.0,True,78.373107,True,1.0,5.551115123125783e-16,True,True
TF012,TG006,0.36785045867417104,0.0,True,,True,1.0,-4.163336342344337e-15,False,False
TF012,TG010,0.1631447511421181,1.7012852342059457e-16,True,,True,1.0,3.3029134982598407e-15,True,True
TF012,TG011,0.23788955898569394,1.1667420686293367e-16,True,51.597677,True,1.0,-1.3600232051658168e-15,False,False
TF012,TG022,0.2785836713165434,0.0,True,,True,1.0,2.3314683517128287e-15,True,True
TF012,TG023,0.24828318258318233,0.0,True,,True,1.0,2.0816681711721685e-15,True,True
TF012,TG032,0.3150661704359362,0.0,True,,True,1.0,2.55351295663786e-15,True,True
TF012,TG033,0.33745056926554173,0.0,True,67.743242,True,1.0,3.6637359812630166e-15,True,True
TF012,TG037,0.1949063591965615,0.0,True,,True,1.0,2.3592239273284576e-15,True,True
TF012,TG038,0.13539461079824275,0.0,True,,True,1.0,-9.159339953157541e-16,False,False
TF012,TG039,0.27724916045838305,0.0,True,,True,1.0,9.43689570931383e-16,True,True
TF012,TG040,0.2515437627966071,0.0,True,,True,1.0,2.55351295663786e-15,True,True
TF012,TG042,0.6419907962894936,1.7293441448723238e-16,True,,True,1.0,-1.176836406102666e-14,False,False
TF012,TG043,-0.00033693979719927824,3.252606517456513e-17,True,,True,1.0,5.7462715141731735e-18,False,False
TF012,TG049,0.3294496224406743,1.6849663028906343e-16,True,,True,1.0,-2.55351295663786e-15,False,False
TF012,TG050,0.33489574145587336,1.6575651571422595e-16,True,42.285642,True,1.0,2.4424906541753444e-15,True,True
TF012,TG051,0.2476812045473314,1.1206169505819275e-16,True,,True,1.0,3.858025010572419e-15,True,True
TF012,TG056,0.45155375649344226,0.0,True,,True,1.0,-1.2045919817182948e-14,False,False
TF012,TG057,0.33138634530855804,0.0,True,,True,1.0,5.162537064506978e-15,True,True
TF012,TG058,0.3763004033996697,1.4751818156383765e-16,True,,True,1.0,-6.161737786669619e-15,False,False
TF012,TG061,0.177346970872444,1.565043681269977e-16,True,81.382793,True,1.0,-4.718447854656915e-16,False,False
TF012,TG062,0.4823869189416845,1.1507598786684457e-16,True,10.09873,True,1.0,-2.4980018054066022e-15,False,False
TF012,TG063,0.46790315178225056,0.0,True,,True,1.0,-1.609823385706477e-15,False,False
TF012,TG065,0.43223666985886144,0.0,True,67.765354,True,1.0,-4.163336342344337e-15,False,False
TF012,TG067,0.2393838211678767,0.0,True,9.747061,True,1.0,-1.942890293094024e-16,False,False
TF012,TG069,0.23188390556909513,1.1969599851059307e-16,True,,True,1.0,-2.9976021664879227e-15,False,False
TF012,TG073,0.27781775607779446,0.0,True,,True,1.0,6.328271240363392e-15,True,True
TF012,TG078,0.4304029972738726,1.2897482494977877e-16,True,,True,1.0,1.0436096431476471e-14,True,True
TF012,TG080,0.48359365338754157,0.0,True,,True,1.0,1.3378187446733136e-14,True,True
TF012,TG081,0.4181703003310179,0.0,True,,True,1.0,-6.494804694057166e-15,False,False
TF012,TG082,0.19977922377440216,1.389312416538944e-16,True,,True,1.0,-4.08006961549745e-15,False,False
TF012,TG083,0.3421854180015109,0.0,True,,True,1.0,-2.275957200481571e-15,False,False
TF012,TG084,0.3338822606961576,1.6625966026321643e-16,True,,True,1.0,4.440892098500626e-16,False,False
TF012,TG087,0.5432158823265777,2.0437970625418827e-16,True,58.336109,True,1.0,-3.3306690738754696e-15,False,False
TF012,TG088,0.3419422543807619,0.0,True,,True,1.0,4.996003610813204e-16,True,True
TF012,TG089,0.3281690946475568,0.0,True,,True,1.0,-4.385380947269368e-15,False,False
TF012,TG093,0.49983367320752686,0.0,True,,True,1.0,-6.827871601444713e-15,False,False
TF012,TG094,0.4263748542296148,0.0,True,,True,1.0,2.6645352591003757e-15,True,True
TF012,TG095,0.5402907747293625,2.0548620790004776e-16,True,,True,1.0,-8.215650382226158e-15,False,False
TF012,TG099,0.25525944453077437,0.0,True,,True,1.0,3.83026943495679e-15,True,True
TF013,TG000,0.4577337591888945,0.0,True,,True,1.0,-2.886579864025407e-15,False,False
TF013,TG002,0.257842467489105,0.0,True,,True,1.0,-3.1086244689504383e-15,False,False
TF013,TG003,0.40724990911452286,0.0,True,,True,1.0,7.605027718682322e-15,True,True
TF013,TG005,0.4207808468533425,1.3192413971875837e-16,True,,True,1.0,-3.4416913763379853e-15,False,False
TF013,TG007,0.6516460479857892,1.7037209510543487e-16,True,7.792964,True,1.0,1.0880185641326534e-14,True,True
TF013,TG009,0.4875522017426557,0.0,True,,True,1.0,4.551914400963142e-15,True,True
TF013,TG011,0.23973708274312974,0.0,True,,True,1.0,1.0269562977782698e-15,True,True
TF013,TG014,0.37400021346556117,0.0,True,,True,1.0,-1.0547118733938987e-15,False,False
TF013,TG015,0.3902948720497226,0.0,True,,True,1.0,7.216449660063518e-16,True,True
TF013,TG016,0.13347790016963246,0.0,True,69.778625,True,1.0,-1.8041124150158794e-15,False,False
TF013,TG017,0.5543535156958024,2.0027347048239588e-16,True,46.641351,True,1.0,-3.9968028886505635e-15,False,False
TF013,TG018,0.6627807830747804,1.6750983929778362e-16,True,,True,1.0,-1.0658141036401503e-14,False,False
TF013,TG019,0.3281886501000138,3.3828806215169895e-16,True,,True,1.0,5.051514762044462e-15,True,True
TF013,TG020,0.5383723802611635,0.0,True,,True,1.0,1.0103029524088925e-14,True,True
TF013,TG024,0.290406635679067,0.0,True,,True,1.0,3.774758283725532e-15,True,True
TF013,TG025,0.5432602560144119,2.043630124482554e-16,True,,True,1.0,-6.772360450213455e-15,False,False
TF013,TG029,0.2270827445125845,0.0,True,,True,1.0,-1.3322676295501878e-15,False,False
TF013,TG033,0.3588547365983936,1.5468975485025357e-16,True,,True,1.0,-4.829470157119431e-15,False,False
TF013,TG034,0.09407879974816723,1.4751238158823145e-16,True,,True,1.0,1.8318679906315083e-15,True,True
TF013,TG038,0.12799214487512292,0.0,True,,True,1.0,4.440892098500626e-16,False,False
TF013,TG039,0.30943019797649346,0.0,True,0.767077,False,1.0,-2.609024107869118e-15,False,False
TF013,TG043,0.019146136161266737,0.0,True,,True,1.0,-3.5735303605122226e-16,False,False
TF013,TG046,0.555969854166787,0.0,True,,True,1.0,-2.6645352591003757e-15,False,False
TF013,TG048,0.30598901218021124,1.8141550520305846e-16,True,45.671404,True,1.0,9.43689570931383e-16,True,True
TF013,TG049,0.34003006824524734,1.6325365435394466e-16,True,,True,1.0,-4.6074255521944e-15,False,False
TF013,TG051,0.2548322873653803,0.0,True,,True,1.0,-2.275957200481571e-15,False,False
TF013,TG055,0.38153905862830867,1.4549270900554432e-16,True,47.804885,True,1.0,-4.440892098500626e-16,False,False
TF013,TG057,0.35326327658373324,0.0,True,,True,1.0,1.1102230246251565e-15,True,True
TF013,TG058,0.42755165624967206,0.0,True,52.372976,True,1.0,4.107825191113079e-15,True,True
TF013,TG059,0.43805755801114765,1.2672113565004437e-16,True,,True,1.0,2.1094237467877974e-15,True,True
TF013,TG061,0.18854102757342497,0.0,True,,True,1.0,2.192690473634684e-15,True,True
TF013,TG063,0.48258854646182886,0.0,True,9.668198,True,1.0,-7.93809462606987e-15,False,False
TF013,TG067,0.3015912455168381,0.0,True,,True,1.0,1.2212453270876722e-15,True,True
TF013,TG069,0.263922446860565,0.0,True,,True,1.0,-2.9976021664879227e-15,False,False
TF013,TG071,0.2862806282830442,0.0,True,,True,1.0,-3.7192471324942744e-15,False,False
TF013,TG073,0.29571824610670655,0.0,True,,True,1.0,4.440892098500626e-16,False,False
TF013,TG081,0.4226626078336078,0.0,True,,True,1.0,-4.385380947269368e-15,False,False
TF013,TG084,0.30144310541132063,0.0,True,,True,1.0,4.996003610813204e-16,True,True
TF013,TG087,0.5331927606442967,0.0,True,,True,1.0,9.547918011776346e-15,True,True
TF013,TG088,0.35797240426218624,0.0,True,,True,1.0,-1.4988010832439613e-15,False,False
TF013,TG089,0.3690521755545559,0.0,True,,True,1.0,6.6058269965196814e-15,True,True
TF013,TG090,0.2711948972450406,0.0,True,,True,1.0,1.6653345369377348e-15,True,True
TF013,TG095,0.5778254577307014,1.9213812921731493e-16,True,11.64746,True,1.0,7.66053886991358e-15,True,True
TF013,TG096,0.3352756302605031,0.0,True,,True,1.0,3.7192471324942744e-15,True,True
TF013,TG098,0.25714723784600185,0.0,True,,True,1.0,1.8318679906315083e-15,True,True
TF014,TG000,0.5596625170840022,0.0,True,,True,1.0,-4.218847493575595e-15,False,False
TF014,TG002,0.3284103447781066,0.0,True,,True,1.0,3.4416913763379853e-15,True,True
TF014,TG003,0.48025355369548783,1.1558717432511812e-16,True,,True,1.0,7.993605777301127e-15,True,True
TF014,TG011,0.30458968499472067,0.0,True,,True,1.0,6.6058269965196814e-15,True,True
TF014,TG012,0.25291300271587824,0.0,True,,True,1.0,4.773959005888173e-15,True,True
TF014,TG013,0.3506794387504088,0.0,True,,True,1.0,-4.274358644806853e-15,False,False
TF014,TG015,0.4499769406136278,1.233644354209751e-16,True,,True,1.0,3.2751579226442118e-15,True,True
TF014,TG016,0.21832490601232513,1.2712968081645264e-16,True,,True,1.0,-1.8041124150158794e-15,False,False
TF014,TG020,0.5894806792691577,1.883391710143272e-16,True,,True,1.0,-4.551914400963142e-15,False,False
TF014,TG021,0.6255848788393354,0.0,True,94.566416,True,1.0,-1.2212453270876722e-15,False,False
TF014,TG023,0.3603373148982713,0.0,True,,True,1.0,4.718447854656915e-15,True,True
TF014,TG024,0.38951517586838696,0.0,True,,True,1.0,3.83026943495679e-15,True,True
TF014,TG025,0.6501820481944255,0.0,True,,True,1.0,-9.2148511043888e-15,False,False
TF014,TG027,0.2472848042398864,0.0,True,78.997008,True,1.0,2.7478019859472624e-15,True,True
TF014,TG033,0.4295410441630762,0.0,True,,True,1.0,-8.992806499463768e-15,False,False
TF014,TG034,0.2085688823064856,1.3307630222059176e-16,True,,True,1.0,3.858025010572419e-15,True,True
TF014,TG037,0.2746104174080202,2.0214510343494558e-16,True,,True,1.0,-2.7755575615628914e-15,False,False
TF014,TG038,0.19472574456345154,1.4253675433545326e-16,True,19.484653,True,1.0,9.159339953157541e-16,True,True
TF014,TG039,0.36131660798009024,0.0,True,,True,1.0,3.219646771412954e-15,True,True
TF014,TG040,0.33213418500175373,1.6713471162555795e-16,True,,True,1.0,6.716849298982197e-15,True,True
TF014,TG042,0.7481428326872376,1.4839720119183274e-16,True,,True,1.0,7.771561172376096e-15,True,True
TF014,TG043,0.0829616456256543,0.0,True,,True,1.0,-1.429412144204889e-15,False,False
TF014,TG047,0.47602611541508416,0.0,True,58.374779,True,1.0,-7.494005416219807e-15,False,False
TF014,TG048,0.3838290793571499,1.446246629469289e-16,True,,True,1.0,-5.051514762044462e-15,False,False
TF014,TG049,0.4016546876365378,0.0,True,,True,1.0,-9.71445146547012e-15,False,False
TF014,TG050,0.43748615775046423,1.2688664600657053e-16,True,,True,1.0,-5.162537064506978e-15,False,False
TF014,TG053,0.31727613966590024,1.749616321281281e-16,True,,True,1.0,2.0539125955565396e-15,True,True
TF014,TG055,0.4329045899123968,1.2822952799482018e-16,True,,True,1.0,7.716050021144838e-15,True,True
TF014,TG058,0.5121759842839154,0.0,True,,True,1.0,-1.199040866595169e-14,False,False
TF014,TG059,0.5176898330698696,0.0,True,,True,1.0,-6.439293542825908e-15,False,False
TF014,TG062,0.54272310746881,2.0456527635299928e-16,True,,True,1.0,-2.55351295663786e-15,False,False
TF014,TG063,0.559564667675916,0.0,True,,True,1.0,-7.105427357601002e-15,False,False
TF014,TG067,0.35091331499618456,0.0,True,,True,1.0,-5.9396931817445875e-15,False,False
TF014,TG069,0.2971056546639543,0.0,True,,True,1.0,2.609024107869118e-15,True,True
TF014,TG070,0.4798281002192798,1.1568966303951233e-16,True,,True,1.0,6.050715484207103e-15,True,True
TF014,TG071,0.3407040872609862,1.629306876754172e-16,True,,True,1.0,8.604228440844963e-15,True,True
TF014,TG072,0.30584871137428227,1.8149872524172931e-16,True,,True,1.0,-6.050715484207103e-15,False,False
TF014,TG074,0.3486749461648169,1.5920602223314887e-16,True,,True,1.0,3.164135620181696e-15,True,True
TF014,TG076,0.3569500974921262,0.0,True,,True,1.0,-3.941291737419306e-15,False,False
TF014,TG078,0.543514825734521,2.042672935599816e-16,True,,True,1.0,1.887379141862766e-15,True,True
TF014,TG079,0.5334535488452171,0.0,True,,True,1.0,-7.882583474838611e-15,False,False
TF014,TG080,0.5708684704958468,0.0,True,,True,1.0,6.328271240363392e-15,True,True
TF014,TG081,0.5304759810349744,2.0928808547732518e-16,True,,True,1.0,2.886579864025407e-15,True,True
TF014,TG082,0.2768331602427789,0.0,True,,True,1.0,-4.440892098500626e-15,False,False
TF014,TG083,0.47213730376753643,1.1757416918403368e-16,True,20.83091,True,1.0,4.3298697960381105e-15,True,True
TF014,TG085,0.2151672712603894,0.0,True,,True,1.0,3.635980405647388e-15,True,True
TF014,TG086,0.5296756315970137,0.0,True,,True,1.0,7.66053886991358e-15,True,True
TF014,TG087,0.6294840220733786,0.0,True,,True,1.0,5.995204332975845e-15,True,True
TF014,TG090,0.33813773805473424,0.0,True,38.303291,True,1.0,-5.329070518200751e-15,False,False
TF014,TG091,0.682150411292778,0.0,True,26.578817,True,1.0,-1.3322676295501878e-15,False,False
TF014,TG095,0.6562194345402075,0.0,True,,True,1.0,5.662137425588298e-15,True,True
TF015,TG002,0.4182397307718828,0.0,True,,True,1.0,3.3306690738754696e-15,True,True
TF015,TG003,0.5705743745357874,1.9457989600889822e-16,True,,True,1.0,-5.551115123125783e-15,False,False
TF015,TG010,0.32909329394993597,1.6867907141159365e-16,True,,True,1.0,-2.275957200481571e-15,False,False
TF015,TG011,0.416822532156888,0.0,True,,True,1.0,-1.1657341758564144e-14,False,False
TF015,TG013,0.40584225317357153,1.367801178836761e-16,True,,True,1.0,3.9968028886505635e-15,True,True
TF015,TG014,0.5161496670954837,0.0,True,,True,1.0,3.774758283725532e-15,True,True
TF015,TG017,0.6527438197401941,0.0,True,13.371094,True,1.0,9.769962616701378e-15,True,True
TF015,TG018,0.7929391372963455,1.4001364952304433e-16,True,,True,1.0,1.6653345369377348e-15,True,True
TF015,TG022,0.4647902192608439,0.0,True,,True,1.0,-3.164135620181696e-15,False,False
TF015,TG023,0.42297652671999103,1.3123931879086523e-16,True,,True,1.0,-1.1657341758564144e-15,False,False
TF015,TG025,0.7088552239271821,0.0,True,,True,1.0,-3.3306690738754696e-16,False,False
TF015,TG026,0.6251222225643871,0.0,True,3.636589,True,1.0,-1.4765966227514582e-14,False,False
TF015,TG028,0.48547860788115077,0.0,True,,True,1.0,4.385380947269368e-15,True,True
TF015,TG029,0.3860147378983788,1.438057819592151e-16,True,,True,1.0,-6.827871601444713e-15,False,False
TF015,TG030,0.4299366492782192,1.2911472265611772e-16,True,,True,1.0,-1.4432899320127035e-15,False,False
TF015,TG031,0.38926608893323794,0.0,True,,True,1.0,-4.496403249731884e-15,False,False
TF015,TG032,0.4831616013352606,0.0,True,,True,1.0,-4.884981308350689e-15,False,False
TF015,TG034,0.25379148557678244,0.0,True,,True,1.0,-1.2212453270876722e-15,False,False
TF015,TG036,0.5253698813453187,0.0,True,11.223772,True,1.0,-1.1879386363489175e-14,False,False
TF015,TG038,0.27648632343046503,0.0,True,,True,1.0,3.552713678800501e-15,True,True
TF015,TG039,0.4384311307917454,1.2661316072837356e-16,True,32.50318,True,1.0,3.219646771412954e-15,True,True
TF015,TG040,0.39626437814366244,0.0,True,,True,1.0,6.161737786669619e-15,True,True
TF015,TG043,0.1687860839599747,0.0,True,,True,1.0,-4.08006961549745e-15,False,False
TF015,TG046,0.6913028702479007,1.605986424194986e-16,True,,True,1.0,-6.772360450213455e-15,False,False
TF015,TG048,0.4666132955643894,0.0,True,12.401147,True,1.0,-7.271960811294775e-15,False,False
TF015,TG052,0.42505603806317616,1.3059725368024815e-16,True,,True,1.0,-6.6058269965196814e-15,False,False
TF015,TG053,0.3881314021995008,1.430215409438191e-16,True,16.09467,True,1.0,2.4424906541753444e-15,True,True
TF015,TG054,0.40734744237810494,0.0,True,,True,1.0,-6.106226635438361e-15,False,False
TF015,TG056,0.6106973590923117,0.0,True,31.941267,True,1.0,-1.3322676295501878e-15,False,False
TF015,TG057,0.5010079915238761,0.0,True,,True,1.0,7.993605777301127e-15,True,True
TF015,TG058,0.5264764022779825,0.0,True,19.102719,True,1.0,3.1086244689504383e-15,True,True
TF015,TG061,0.32430394875976076,1.71170136668239e-16,True,,True,1.0,-1.4988010832439613e-15,False,False
TF015,TG064,0.526280882596847,0.0,True,,True,1.0,6.106226635438361e-15,True,True
TF015,TG068,0.40295776099967195,0.0,True,,True,1.0,-8.271161533457416e-15,False,False
TF015,TG069,0.4055597026525861,0.0,True,,True,1.0,7.105427357601002e-15,True,True
TF015,TG072,0.3908864164416665,0.0,True,,True,1.0,-2.6645352591003757e-15,False,False
TF015,TG077,0.36148926925692376,1.5356237640294656e-16,True,,True,1.0,-5.773159728050814e-15,False,False
TF015,TG079,0.6270061231488273,0.0,True,,True,1.0,7.993605777301127e-15,True,True
TF015,TG080,0.6435429079044552,0.0,True,,True,1.0,-1.2656542480726785e-14,False,False
TF015,TG085,0.2806899150958677,0.0,True,,True,1.0,-4.385380947269368e-15,False,False
TF015,TG092,0.5947269561561828,1.8667777088846097e-16,True,,True,1.0,-5.329070518200751e-15,False,False
TF015,TG093,0.6822067852704691,1.6273995635868607e-16,True,,True,1.0,-8.881784197001252e-15,False,False
TF015,TG094,0.5819185632844399,1.90786665810914e-16,True,,True,1.0,4.218847493575595e-15,True,True
TF015,TG097,0.2838382465588301,0.0,True,24.784412,True,1.0,-7.66053886991358e-15,False,False
TF015,TG098,0.41549211586256,1.336033804540837e-16,True,,True,1.0,7.549516567451064e-15,True,True
TF015,TG099,0.3673181584069566,0.0,True,,True,1.0,6.661338147750939e-15,True,True
TF016,TG000,0.7009447413948238,1.583895218923965e-16,True,,True,1.0,1.454392162258955e-14,True,True
TF016,TG001,0.6422354480231692,0.0,True,,True,1.0,1.2434497875801753e-14,True,True
TF016,TG002,0.4524424067699657,0.0,True,,True,1.0,3.7192471324942744e-15,True,True
TF016,TG004,0.5293336225387889,2.097397515200918e-16,True,,True,1.0,-2.3314683517128287e-15,False,False
TF016,TG007,0.8497968538631852,0.0,True,,True,1.0,9.2148511043888e-15,True,True
TF016,TG009,0.6964082798877222,0.0,True,24.616272,True,1.0,1.3322676295501878e-15,True,True
TF016,TG010,0.41271926034316675,1.3450099514401522e-16,True,,True,1.0,7.771561172376096e-16,True,True
TF016,TG011,0.46233011297210086,0.0,True,,True,1.0,-1.2712053631958042e-14,False,False
TF016,TG015,0.5957422970831032,1.863596105331238e-16,True,,True,1.0,-1.021405182655144e-14,False,False
TF016,TG016,0.33466109404879557,1.6587273578674182e-16,True,,True,1.0,7.494005416219807e-15,True,True
TF016,TG018,0.8892196456587937,0.0,True,0.721955,False,1.0,-2.531308496145357e-14,False,False
TF016,TG021,0.7503349014869042,0.0,True,,True,1.0,7.882583474838611e-15,True,True
TF016,TG022,0.5443387058630357,2.0395812619367662e-16,True,,True,1.0,-4.9960036108132044e-15,False,False
TF016,TG024,0.5222614073277655,0.0,True,,True,1.0,4.551914400963142e-15,True,True
TF016,TG026,0.6848667568650204,1.6210788646060232e-16,True,,True,1.0,-1.4654943925052066e-14,False,False
TF016,TG027,0.37445361761467505,0.0,True,,True,1.0,-1.4988010832439613e-15,False,False
TF016,TG028,0.5146108373794661,0.0,True,21.923061,True,1.0,7.66053886991358e-15,True,True
TF016,TG029,0.46291443190230464,1.1991665717385351e-16,True,,True,1.0,1.2212453270876722e-14,True,True
TF016,TG030,0.5248893512892434,0.0,True,,True,1.0,2.220446049250313e-16,False,False
TF016,TG031,0.4696953665583287,1.1818543503635824e-16,True,,True,1.0,8.1601392309949e-15,True,True
TF016,TG033,0.5592163036038927,0.0,True,,True,1.0,9.325873406851315e-15,True,True
TF016,TG036,0.4764199758273213,1.165172621799928e-16,True,,True,1.0,1.3877787807814457e-14,True,True
TF016,TG038,0.3533549893656839,0.0,True,,True,1.0,-5.10702591327572e-15,False,False
TF016,TG040,0.4520362889577335,0.0,True,44.426261,True,1.0,-7.16093850883226e-15,False,False
TF016,TG041,0.5147531091546975,2.1568068358990794e-16,True,,True,1.0,-9.2148511043888e-15,False,False
TF016,TG043,0.23764008362429567,0.0,True,,True,1.0,6.661338147750939e-15,True,True
TF016,TG044,0.5339636387511175,0.0,True,,True,1.0,-1.1102230246251565e-16,False,False
TF016,TG045,0.6186406983568319,0.0,True,,True,1.0,1.2434497875801753e-14,True,True
TF016,TG047,0.5976984529562432,1.8574969018807794e-16,True,,True,1.0,-6.217248937900877e-15,False,False
TF016,TG048,0.5147393692213027,0.0,True,,True,1.0,1.787459069646502e-14,True,True
TF016,TG053,0.5325818465031716,0.0,True,,True,1.0,1.099120794378905e-14,True,True
TF016,TG054,0.4589462369603599,0.0,True,,True,1.0,-2.609024107869118e-15,False,False
TF016,TG056,0.6605334585038403,0.0,True,,True,1.0,-2.298161660974074e-14,False,False
TF016,TG058,0.6241317019480989,0.0,True,,True,1.0,1.4988010832439613e-14,True,True
TF016,TG060,0.6298695392364179,1.7626237743947176e-16,True,,True,1.0,-1.1324274851176597e-14,False,False
TF016,TG062,0.662437324683492,1.6759668926499777e-16,True,,True,1.0,-1.2656542480726785e-14,False,False
TF016,TG065,0.642195213772085,0.0,True,,True,1.0,1.2212453270876722e-15,True,True
TF016,TG067,0.47531363203963006,0.0,True,,True,1.0,6.2727600891321345e-15,True,True
TF016,TG068,0.4558281134011352,0.0,True,55.59959,True,1.0,-3.6637359812630166e-15,False,False
TF016,TG069,0.4669732271410661,1.188743765271337e-16,True,,True,1.0,1.3933298959045715e-14,True,True
TF016,TG073,0.5324572961470116,2.085093081941023e-16,True,22.734862,True,1.0,1.1102230246251565e-14,True,True
TF016,TG075,0.7548565896576085,0.0,True,,True,1.0,1.887379141862766e-15,True,True
TF016,TG076,0.46676414938876315,0.0,True,,True,1.0,2.4424906541753444e-15,True,True
TF016,TG077,0.45907292513767417,1.209201157193277e-16,True,,True,1.0,8.881784197001252e-15,True,True
TF016,TG078,0.670808577354426,0.0,True,,True,1.0,-2.3092638912203256e-14,False,False
TF016,TG079,0.663777913298429,0.0,True,,True,1.0,9.2148511043888e-15,True,True
TF016,TG080,0.7104522359978519,1.5626990364324976e-16,True,,True,1.0,-1.354472090042691e-14,False,False
TF016,TG081,0.6340067091827409,1.7511218864801554e-16,True,57.186162,True,1.0,1.3655743202889425e-14,True,True
TF016,TG082,0.4111678734142336,0.0,True,,True,1.0,4.218847493575595e-15,True,True
TF016,TG083,0.5975343316232979,1.8580070899174236e-16,True,,True,1.0,-1.887379141862766e-15,False,False
TF016,TG084,0.5283671278579231,0.0,True,,True,1.0,9.325873406851315e-15,True,True
TF016,TG085,0.3412747360389311,0.0,True,49.503972,True,1.0,-6.161737786669619e-15,False,False
TF016,TG086,0.6298599192149106,3.525301390852096e-16,True,,True,1.0,-1.4099832412739488e-14,False,False
TF016,TG087,0.815262580806456,0.0,True,,True,1.0,-1.5543122344752192e-15,False,False
TF016,TG088,0.5669375001725443,1.9582811584826658e-16,True,,True,1.0,-1.6542323066914832e-14,False,False
TF016,TG090,0.43457535028922695,0.0,True,,True,1.0,-2.4980018054066022e-15,False,False
TF016,TG094,0.6773262486183402,1.6391259409920566e-16,True,,True,1.0,9.325873406851315e-15,True,True
TF016,TG095,0.7942329443511238,0.0,True,,True,1.0,-1.7541523789077473e-14,False,False
TF016,TG096,0.5604365013501975,0.0,True,,True,1.0,4.9960036108132044e-15,True,True
TF016,TG097,0.3704319168306113,1.498552060691941e-16,True,,True,1.0,-3.2751579226442118e-15,False,False
TF016,TG098,0.4711582233264177,1.178184917146183e-16,True,0.379692,False,1.0,5.162537064506978e-15,True,False
TF016,TG099,0.4484335030249068,0.0,True,,True,1.0,3.3306690738754696e-16,False,False
TF017,TG003,0.5609664805706798,0.0,True,,True,1.0,8.770761894538737e-15,True,True
TF017,TG009,0.6632004726736982,0.0,True,,True,1.0,9.2148511043888e-15,True,True
TF017,TG012,0.32279034240289345,0.0,True,,True,1.0,3.6637359812630166e-15,True,True
TF017,TG013,0.4367225407326405,0.0,True,,True,1.0,-6.106226635438361e-15,False,False
TF017,TG014,0.5096363806063281,0.0,True,,True,1.0,5.773159728050814e-15,True,True
TF017,TG015,0.5145802809287445,0.0,True,,True,1.0,9.2148511043888e-15,True,True
TF017,TG016,0.2932139012002792,1.8931964345490237e-16,True,0.372358,False,1.0,-1.4432899320127035e-15,False,False
TF017,TG018,0.8135849601914197,0.0,True,,True,1.0,5.995204332975845e-15,True,True
TF017,TG021,0.700295705602629,0.0,True,,True,1.0,-8.659739592076221e-15,False,False
TF017,TG025,0.6445271428770727,0.0,True,,True,1.0,-2.55351295663786e-15,False,False
TF017,TG027,0.33030362604563424,0.0,True,,True,1.0,3.885780586188048e-16,False,False
TF017,TG028,0.46903330579059854,0.0,True,,True,1.0,-8.326672684688674e-15,False,False
TF017,TG029,0.4220787721465432,0.0,True,,True,1.0,-4.274358644806853e-15,False,False
TF017,TG030,0.48425550332512823,1.1463194708184398e-16,True,,True,1.0,-1.6653345369377348e-15,False,False
TF017,TG031,0.39580678531366187,0.0,True,,True,1.0,6.38378239159465e-15,True,True
TF017,TG032,0.5274007867722461,0.0,True,,True,1.0,1.1102230246251565e-15,True,True
TF017,TG033,0.5093184012306696,0.0,True,,True,1.0,1.2989609388114332e-14,True,True
TF017,TG034,0.2564701692483393,0.0,True,,True,1.0,-1.3877787807814457e-15,False,False
TF017,TG035,0.6265681226363817,0.0,True,,True,1.0,-4.218847493575595e-15,False,False
TF017,TG036,0.4849693678918302,0.0,True,24.912238,True,1.0,-4.773959005888173e-15,False,False
TF017,TG038,0.3201829642609156,1.7337321915110403e-16,True,,True,1.0,-9.381384558082573e-15,False,False
TF017,TG039,0.47051317560104267,0.0,True,68.63919,True,1.0,-5.88418203051333e-15,False,False
TF017,TG040,0.43670836264646684,1.271126362107161e-16,True,,True,1.0,9.381384558082573e-15,True,True
TF017,TG041,0.4686427847286007,0.0,True,,True,1.0,-3.4416913763379853e-15,False,False
TF017,TG042,0.8388709570638225,1.3234729552577527e-16,True,,True,1.0,3.6637359812630166e-15,True,True
TF017,TG043,0.1811702298711108,1.5320163602692863e-16,True,,True,1.0,4.912736883966318e-15,True,True
TF017,TG049,0.481747711241965,0.0,True,,True,1.0,1.1324274851176597e-14,True,True
TF017,TG051,0.4342499856192014,0.0,True,,True,1.0,-1.8318679906315083e-15,False,False
TF017,TG053,0.3981736659019591,0.0,True,20.04134,True,1.0,3.497202527569243e-15,True,True
TF017,TG054,0.40641572621505406,0.0,True,,True,1.0,-7.327471962526033e-15,False,False
TF017,TG056,0.6212391857904094,0.0,True,4.194743,True,1.0,1.4765966227514582e-14,True,True
TF017,TG058,0.5755202866069685,1.9290771332676664e-16,True,17.033291,True,1.0,4.218847493575595e-15,True,True
TF017,TG059,0.5944976183406498,0.0,True,,True,1.0,-3.219646771412954e-15,False,False
TF017,TG063,0.6472095391896053,0.0,True,79.074465,True,1.0,8.659739592076221e-15,True,True
TF017,TG064,0.5255232776665286,0.0,True,,True,1.0,-5.10702591327572e-15,False,False
TF017,TG066,0.3677531303957021,1.5094678098736472e-16,True,,True,1.0,-3.6637359812630166e-15,False,False
TF017,TG068,0.40170106247025844,0.0,True,,True,1.0,8.271161533457416e-15,True,True
TF017,TG069,0.4226618970751438,0.0,True,,True,1.0,-5.773159728050814e-15,False,False
TF017,TG070,0.5871401709447411,0.0,True,45.664706,True,1.0,5.10702591327572e-15,True,True
TF017,TG071,0.4572846405851074,0.0,True,,True,1.0,-8.1601392309949e-15,False,False
TF017,TG072,0.38977093856561296,1.4241993370655888e-16,True,,True,1.0,-4.3298697960381105e-15,False,False
TF017,TG073,0.4736078994798969,0.0,True,,True,1.0,9.43689570931383e-15,True,True
TF017,TG074,0.4559339928426689,1.2175260476885148e-16,True,63.711742,True,1.0,-5.551115123125783e-16,False,False
TF017,TG079,0.6020865932530992,1.8439590535085242e-16,True,,True,1.0,-1.0436096431476471e-14,False,False
TF017,TG080,0.6594304783895063,1.683608903453474e-16,True,,True,1.0,1.6986412276764895e-14,True,True
TF017,TG082,0.3813579580542098,0.0,True,,True,1.0,4.163336342344337e-15,True,True
TF017,TG083,0.5326090702617048,2.0844989066364064e-16,True,,True,1.0,4.9960036108132044e-15,True,True
TF017,TG084,0.4875148345549372,1.138655632539575e-16,True,,True,1.0,1.4432899320127035e-15,True,True
TF017,TG085,0.28128546371993207,1.9734809789719067e-16,True,,True,1.0,-3.219646771412954e-15,False,False
TF017,TG086,0.5936023552968911,0.0,True,,True,1.0,1.0436096431476471e-14,True,True
TF017,TG087,0.709810598749619,1.5641116469391861e-16,True,,True,1.0,-1.2989609388114332e-14,False,False
TF017,TG091,0.7575740579353227,0.0,True,,True,1.0,-8.881784197001252e-15,False,False
TF017,TG094,0.5671043295404276,0.0,True,,True,1.0,-2.7755575615628914e-15,False,False
TF017,TG098,0.4015263435897435,0.0,True,,True,1.0,-4.773959005888173e-15,False,False
TF017,TG099,0.38615600062071614,1.437531752504892e-16,True,,True,1.0,2.9976021664879227e-15,True,True
TF018,TG000,0.6917682735267606,0.0,True,,True,1.0,-1.021405182655144e-14,False,False
TF018,TG004,0.4729188352565155,0.0,True,,True,1.0,4.6629367034256575e-15,True,True
TF018,TG005,0.6638446177543607,0.0,True,,True,1.0,6.439293542825908e-15,True,True
TF018,TG007,0.8266386463516717,0.0,True,50.894132,True,1.0,1.3211653993039363e-14,True,True
TF018,TG008,0.7024567869971876,0.0,True,,True,1.0,1.887379141862766e-15,True,True
TF018,TG009,0.6978356970086631,0.0,True,,True,1.0,-6.994405055138486e-15,False,False
TF018,TG010,0.4083818040190855,0.0,True,,True,1.0,-7.216449660063518e-16,False,False
TF018,TG019,0.5405114606130902,0.0,True,,True,1.0,-6.439293542825908e-15,False,False
TF018,TG024,0.531020135593725,0.0,True,,True,1.0,-8.215650382226158e-15,False,False
TF018,TG028,0.533756813950722,0.0,True,,True,1.0,-6.8833827526759706e-15,False,False
TF018,TG031,0.43381201483383725,0.0,True,,True,1.0,-7.716050021144838e-15,False,False
TF018,TG032,0.571964030398128,0.0,True,,True,1.0,-6.328271240363392e-15,False,False
TF018,TG036,0.526183557636771,0.0,True,14.193067,True,1.0,7.438494264988549e-15,True,True
TF018,TG037,0.44515209269239064,0.0,True,,True,1.0,-9.048317650695026e-15,False,False
TF018,TG038,0.37163217597085507,0.0,True,,True,1.0,1.2823075934420558e-14,True,True
TF018,TG039,0.5200359414556477,0.0,True,57.920019,True,1.0,4.551914400963142e-15,True,True
TF018,TG040,0.5328385675594197,0.0,True,,True,1.0,-4.440892098500626e-15,False,False
TF018,TG042,0.8839280925678865,0.0,True,,True,1.0,1.4432899320127035e-15,True,True
TF018,TG043,0.20026196251890788,1.3859634284273205e-16,True,,True,1.0,4.440892098500626e-15,True,True
TF018,TG044,0.5340903521796437,0.0,True,,True,1.0,-2.3314683517128287e-15,False,False
TF018,TG046,0.7610101940277753,0.0,True,,True,1.0,-8.326672684688674e-15,False,False
TF018,TG047,0.5962797140017558,0.0,True,,True,1.0,2.7755575615628914e-15,True,True
TF018,TG048,0.5302463469912383,0.0,True,13.015692,True,1.0,-7.549516567451064e-15,False,False
TF018,TG049,0.5352756548313973,0.0,True,,True,1.0,1.6653345369377348e-15,True,True
TF018,TG050,0.575847366241929,1.9279814230473044e-16,True,,True,1.0,1.3988810110276972e-14,True,True
TF018,TG051,0.508565692546763,0.0,True,,True,1.0,-3.885780586188048e-15,False,False
TF018,TG052,0.5061152659340487,0.0,True,,True,1.0,-4.440892098500626e-15,False,False
TF018,TG053,0.47282829935240533,0.0,True,9.322169,True,1.0,6.050715484207103e-15,True,True
TF018,TG054,0.45817620770922474,1.2115677395995915e-16,True,,True,1.0,-8.548717289613705e-15,False,False
TF018,TG055,0.6052950097028342,0.0,True,10.882211,True,1.0,1.1102230246251565e-15,True,True
TF018,TG056,0.6692890836405059,1.6588094020393267e-16,True,6.524428,True,1.0,1.965094753586527e-14,True,True
TF018,TG057,0.5801445298250988,0.0,True,,True,1.0,5.440092820663267e-15,True,True
TF018,TG060,0.6495803471631512,0.0,True,,True,1.0,1.5765166949677223e-14,True,True
TF018,TG062,0.6637868395602011,0.0,True,,True,1.0,-1.4432899320127035e-15,False,False
TF018,TG063,0.7026847251914651,1.5799731868693273e-16,True,68.355294,True,1.0,-1.4876988529977098e-14,False,False
TF018,TG065,0.6572857828270147,0.0,True,,True,1.0,1.4765966227514582e-14,True,True
TF018,TG068,0.46639512449594916,0.0,True,,True,1.0,5.551115123125783e-17,False,False
TF018,TG071,0.4953294909449392,0.0,True,,True,1.0,-6.8833827526759706e-15,False,False
TF018,TG073,0.49639592692118206,1.1182837775393734e-16,True,,True,1.0,-1.0325074129013956e-14,False,False
TF018,TG076,0.5158842214194419,2.1520778859458176e-16,True,,True,1.0,-1.5765166949677223e-14,False,False
TF018,TG077,0.3918082960140121,0.0,True,,True,1.0,5.384581669432009e-15,True,True
TF018,TG079,0.646688870796396,1.7167807809308968e-16,True,,True,1.0,-1.9317880628477724e-14,False,False
TF018,TG081,0.6444168011394397,0.0,True,,True,1.0,1.6542323066914832e-14,True,True
TF018,TG085,0.3420466274882157,1.6229118128980916e-16,True,,True,1.0,-1.4432899320127035e-15,False,False
TF018,TG086,0.6479881152607848,0.0,True,,True,1.0,8.326672684688674e-15,True,True
TF018,TG089,0.5689157383375716,0.0,True,,True,1.0,1.7763568394002505e-15,True,True
TF018,TG090,0.47746442483079565,0.0,True,,True,1.0,1.6653345369377348e-16,False,False
TF018,TG091,0.8091170124880724,0.0,True,,True,1.0,1.1324274851176597e-14,True,True
TF018,TG092,0.6175881096980688,0.0,True,,True,1.0,-5.995204332975845e-15,False,False
TF018,TG093,0.749385976640208,0.0,True,,True,1.0,1.865174681370263e-14,True,True
TF018,TG094,0.6316026590076945,0.0,True,,True,1.0,0.0,False,False
TF018,TG095,0.7854918819351272,1.413411201513663e-16,True,70.334556,True,1.0,-1.4432899320127035e-14,False,False
TF018,TG096,0.5592292431841855,1.9852735495441498e-16,True,,True,1.0,5.662137425588298e-15,True,True
TF018,TG097,0.3391364045778068,1.6368384662320176e-16,True,50.201251,True,1.0,5.218048215738236e-15,True,True
TF018,TG098,0.5064415481432156,0.0,True,,True,1.0,-1.6209256159527285e-14,False,False
TF018,TG099,0.4280028107310621,0.0,True,,True,1.0,-7.716050021144838e-15,False,False
TF019,TG000,0.6851005613512586,1.62052563850686e-16,True,17.902864,True,1.0,-1.2545520178264269e-14,False,False
TF019,TG001,0.6481149618263692,0.0,True,,True,1.0,3.219646771412954e-15,True,True
TF019,TG002,0.4857366974803524,1.1428239109626508e-16,True,,True,1.0,4.3298697960381105e-15,True,True
TF019,TG010,0.3911459738711362,1.4191927039889738e-16,True,,True,1.0,1.3877787807814457e-15,True,True
TF019,TG013,0.46759987562190264,0.0,True,,True,1.0,5.662137425588298e-15,True,True
TF019,TG018,0.8950443656128739,1.2404111653894842e-16,True,,True,1.0,-1.4432899320127035e-15,False,False
TF019,TG019,0.552052569481569,2.0110820708030828e-16,True,,True,1.0,-1.0658141036401503e-14,False,False
TF019,TG022,0.5137551907190216,2.160996218980004e-16,True,,True,1.0,8.659739592076221e-15,True,True
TF019,TG024,0.5270720506691838,0.0,True,,True,1.0,6.106226635438361e-15,True,True
TF019,TG025,0.7821173462275386,0.0,True,,True,1.0,-1.0325074129013956e-14,False,False
TF019,TG026,0.6876882418807471,0.0,True,,True,1.0,-4.440892098500626e-15,False,False
TF019,TG027,0.40416864003059405,0.0,True,,True,1.0,-7.105427357601002e-15,False,False
TF019,TG029,0.44085850127420234,0.0,True,,True,1.0,6.5503158452884236e-15,True,True
TF019,TG031,0.4335161011640079,0.0,True,,True,1.0,-3.552713678800501e-15,False,False
TF019,TG032,0.5734990544425538,0.0,True,,True,1.0,3.219646771412954e-15,True,True
TF019,TG033,0.5705866606770377,0.0,True,,True,1.0,-2.9976021664879227e-15,False,False
TF019,TG034,0.3015352657823499,0.0,True,,True,1.0,-7.93809462606987e-15,False,False
TF019,TG036,0.5314192763048126,0.0,True,,True,1.0,-1.1657341758564144e-14,False,False
TF019,TG037,0.41927193788999534,0.0,True,,True,1.0,-1.0158540675320182e-14,False,False
TF019,TG039,0.5407754933952255,0.0,True,,True,1.0,-1.1213252548714081e-14,False,False
TF019,TG040,0.4538877669750091,2.4460298457135663e-16,True,,True,1.0,1.0824674490095276e-14,True,True
TF019,TG041,0.5405504029448,0.0,True,,True,1.0,3.9968028886505635e-15,True,True
TF019,TG042,0.8973374443824296,0.0,True,,True,1.0,2.0539125955565396e-14,True,True
TF019,TG043,0.24022333940344595,1.1554071175829623e-16,True,,True,1.0,2.4980018054066022e-15,True,True
TF019,TG045,0.6367341854437492,0.0,True,,True,1.0,5.773159728050814e-15,True,True
TF019,TG046,0.743308238916707,0.0,True,,True,1.0,-3.6637359812630166e-15,False,False
TF019,TG047,0.5899976813042136,0.0,True,,True,1.0,-9.547918011776346e-15,False,False
TF019,TG048,0.5568555721828128,0.0,True,,True,1.0,-1.0769163338864018e-14,False,False
TF019,TG049,0.5609417915570876,0.0,True,22.850309,True,1.0,1.0547118733938987e-14,True,True
TF019,TG050,0.5592665489377621,0.0,True,,True,1.0,-1.3433698597964394e-14,False,False
TF019,TG051,0.4732648319477604,0.0,True,,True,1.0,5.773159728050814e-15,True,True
TF019,TG052,0.5069293792024784,2.1900940647231847e-16,True,,True,1.0,4.551914400963142e-15,True,True
TF019,TG054,0.4646447270200763,1.1947009834216693e-16,True,,True,1.0,3.2751579226442118e-15,True,True
TF019,TG059,0.6349468369601612,0.0,True,,True,1.0,-8.215650382226158e-15,False,False
TF019,TG060,0.6607226009368681,0.0,True,,True,1.0,-7.882583474838611e-15,False,False
TF019,TG062,0.6777942404180715,1.6379941852860212e-16,True,,True,1.0,1.199040866595169e-14,True,True
TF019,TG065,0.6613142336358286,0.0,True,,True,1.0,-5.773159728050814e-15,False,False
TF019,TG066,0.39505186060560493,0.0,True,,True,1.0,9.71445146547012e-15,True,True
TF019,TG070,0.6650683518942334,0.0,True,,True,1.0,1.9872992140790302e-14,True,True
TF019,TG073,0.513145185983107,0.0,True,,True,1.0,-1.7763568394002505e-15,False,False
TF019,TG074,0.4996961685277556,0.0,True,,True,1.0,3.83026943495679e-15,True,True
TF019,TG076,0.4607886658228002,1.2046987121989035e-16,True,,True,1.0,4.496403249731884e-15,True,True
TF019,TG078,0.6917454346279844,0.0,True,,True,1.0,1.7541523789077473e-14,True,True
TF019,TG079,0.6723279397419754,0.0,True,,True,1.0,-8.326672684688674e-15,False,False
TF019,TG080,0.7368486973617662,1.506717767976289e-16,True,23.561607,True,1.0,-7.216449660063518e-15,False,False
TF019,TG081,0.644992992552097,0.0,True,,True,1.0,-1.509903313490213e-14,False,False
TF019,TG082,0.4278043575036488,0.0,True,,True,1.0,2.3314683517128287e-15,True,True
TF019,TG083,0.5748060827013004,0.0,True,,True,1.0,1.0325074129013956e-14,True,True
TF019,TG086,0.6613951335392323,0.0,True,37.693651,True,1.0,-1.3655743202889425e-14,False,False
TF019,TG088,0.5699007891240128,0.0,True,,True,1.0,-6.8833827526759706e-15,False,False
TF019,TG089,0.5693158736423086,1.9501002449172716e-16,True,,True,1.0,2.886579864025407e-15,True,True
TF019,TG090,0.4640729046773987,0.0,True,,True,1.0,-3.7192471324942744e-15,False,False
TF019,TG091,0.8038936958887993,0.0,True,,True,1.0,2.3203661214665772e-14,True,True
TF019,TG094,0.6268069003367611,0.0,True,,True,1.0,9.992007221626409e-16,True,True
TF019,TG095,0.7877741898248392,1.4093163230849357e-16,True,,True,1.0,-1.3211653993039363e-14,False,False
TF019,TG097,0.35854784326591704,0.0,True,,True,1.0,5.88418203051333e-15,True,True
TF019,TG098,0.4754346152346785,1.167587496839225e-16,True,,True,1.0,-8.326672684688674e-15,False,False
TF019,TG099,0.41999805809988994,1.3217001879102824e-16,True,,True,1.0,-4.107825191113079e-15,False,False
